name,datetime,temp,feelslike,dew,humidity,precip,precipprob,preciptype,snow,snowdepth,windgust,windspeed,winddir,sealevelpressure,cloudcover,visibility,solarradiation,solarenergy,uvindex,severerisk,conditions,icon,stations
kharkiv,2024-06-01T00:00:00,18.6,18.6,12.6,67.95,0,0,,0,0,10.4,0.1,90,1014.5,49.3,10,0,0,0,,Partially cloudy,partly-cloudy-night,"UUOB,34300099999"
kharkiv,2024-06-01T01:00:00,15,15,14,93.74,0,0,,0,0,11.2,7.2,50,1014,13.4,10,0,0,0,,Clear,clear-night,UUOB
kharkiv,2024-06-01T02:00:00,15,15,13,87.83,0,0,,0,0,11.2,7.2,60,1015,15.2,10,0,0,0,,Clear,clear-night,UUOB
kharkiv,2024-06-01T03:00:00,16.1,16.1,12.9,81.09,0,0,,0,0,11.5,0.1,50,1015,23,10,0,0,0,,Partially cloudy,partly-cloudy-night,"UUOB,34300099999"
kharkiv,2024-06-01T04:00:00,15,15,14,93.74,0,0,,0,0,11.9,7.2,130,1015,21.8,10,0,0,0,,Partially cloudy,partly-cloudy-night,UUOB
kharkiv,2024-06-01T05:00:00,15,15,13,87.83,0,0,,0,0,11.2,3.6,150,1015,8.6,10,3.7,0,0,,Clear,clear-day,UUOB
kharkiv,2024-06-01T06:00:00,15.4,15.4,12.9,85.1,0,0,,0,0,9.7,0.1,160,1015.7,32.5,10,68.4,0.2,1,,Partially cloudy,partly-cloudy-day,"UUOB,34300099999"
kharkiv,2024-06-01T07:00:00,18,18,14,77.46,0,0,,0,0,11.2,3.6,200,1015,2.1,10,196.6,0.7,2,,Clear,clear-day,UUOB
kharkiv,2024-06-01T08:00:00,20,20,14,68.37,0,0,,0,0,12.6,3.6,210,1016,0.8,10,351.1,1.3,4,,Clear,clear-day,UUOB
kharkiv,2024-06-01T09:00:00,24.1,24.1,13.1,50.13,0,0,,0,0,15.5,3.6,249,1016,0.8,10,507.6,1.8,5,,Clear,clear-day,"UUOB,34300099999"
kharkiv,2024-06-01T10:00:00,25,25,15,53.82,0,0,,0,0,20.2,7.2,250,1016,14.7,10,647.9,2.3,6,,Clear,clear-day,UUOB
kharkiv,2024-06-01T11:00:00,26,26,12,41.71,0,0,,0,0,24.8,10.8,260,1016,29,10,690.4,2.5,7,,Partially cloudy,partly-cloudy-day,UUOB
kharkiv,2024-06-01T12:00:00,28.6,27.7,10.4,32.13,0,0,,0,0,25.6,10.9,221,1015.6,80,10,735.4,2.6,7,,Partially cloudy,partly-cloudy-day,"UUOB,34300099999"
kharkiv,2024-06-01T13:00:00,28,27.4,12,37.09,0,0,,0,0,26.6,18,280,1015,16,10,753.4,2.7,8,,Clear,clear-day,UUOB
kharkiv,2024-06-01T14:00:00,27,26.7,11,36.81,0,0,,0,0,28.1,18,280,1015,20.4,10,766,2.8,8,,Partially cloudy,partly-cloudy-day,UUOB
kharkiv,2024-06-01T15:00:00,30.1,28.7,9.2,27.24,0,0,,0,0,28.8,14.4,251,1015,60,10,623,2.2,6,,Partially cloudy,partly-cloudy-day,"UUOB,34300099999"
kharkiv,2024-06-01T16:00:00,27,26.8,12,39.32,0,0,,0,0,29.5,10.8,280,1015,29.4,10,575.6,2.1,6,,Partially cloudy,partly-cloudy-day,UUOB
kharkiv,2024-06-01T17:00:00,28,27.3,11,34.71,0,0,,0,0,28.8,10.8,300,1015,53.8,10,456.6,1.6,5,,Partially cloudy,partly-cloudy-day,UUOB
kharkiv,2024-06-01T18:00:00,28.6,27.6,9.4,30.09,0,0,,0,0,27,7.3,260,1014.8,80,10,338.1,1.2,3,,Partially cloudy,partly-cloudy-day,"UUOB,34300099999"
kharkiv,2024-06-01T19:00:00,25,25,13,47.27,0,0,,0,0,23,10.8,330,1015,41.8,10,159.8,0.6,2,,Partially cloudy,partly-cloudy-day,UUOB
kharkiv,2024-06-01T20:00:00,23,23,14,56.89,0,0,,0,0,12.2,7.2,340,1016,49.2,10,66.8,0.2,1,,Partially cloudy,partly-cloudy-day,UUOB
kharkiv,2024-06-01T21:00:00,24.3,24.3,12.1,46.3,0,0,,0,0,10.4,0.1,290,1015.8,50,10,5.7,0,0,,Partially cloudy,partly-cloudy-night,"UUOB,34300099999"
kharkiv,2024-06-01T22:00:00,22,22,13,56.65,0,0,,0,0,11.2,7.2,260,1016,34.1,10,0,0,0,,Partially cloudy,partly-cloudy-night,UUOB
kharkiv,2024-06-01T23:00:00,22,22,13,56.65,0,0,,0,0,11.5,3.6,260,1016,32.2,10,0,0,0,,Partially cloudy,partly-cloudy-night,UUOB
kharkiv,2024-06-02T00:00:00,20.2,20.2,13.4,64.93,0,0,,0,0,12.2,0.1,260,1015.7,20.1,10,0,0,0,,Partially cloudy,partly-cloudy-night,"UUOB,34300099999"
kharkiv,2024-06-02T01:00:00,20,20,13,64.06,0,0,,0,0,12.2,7.2,230,1015,9.1,10,0,0,0,,Clear,clear-night,UUOB
kharkiv,2024-06-02T02:00:00,20,20,13,64.06,0,0,,0,0,12.2,3.6,240,1015,8.1,10,0,0,0,,Clear,clear-night,UUOB
kharkiv,2024-06-02T03:00:00,18.1,18.1,13.5,74.88,0,0,,0,0,14,0.1,240,1016.2,7.6,10,0,0,0,,Clear,clear-night,"UUOB,34300099999"
kharkiv,2024-06-02T04:00:00,19,19,12,63.84,0,0,,0,0,17.3,7.2,240,1015,8,10,0,0,0,,Clear,clear-night,UUOB
kharkiv,2024-06-02T05:00:00,19,19,12,63.84,0,0,,0,0,17.6,7.2,240,1015,10.5,10,3.7,0,0,,Clear,clear-day,UUOB
kharkiv,2024-06-02T06:00:00,17.2,17.2,12.1,72.2,0,0,,0,0,17.3,0.1,250,1016.3,3.2,10,62.2,0.2,1,,Clear,clear-day,"UUOB,34300099999"
kharkiv,2024-06-02T07:00:00,21,21,12,56.4,0,0,,0,0,20.2,10.8,250,1015,1,10,177.5,0.6,2,,Clear,clear-day,UUOB
kharkiv,2024-06-02T08:00:00,22,22,14,60.46,0,0,,0,0,24.5,14.4,270,1015,3.3,10,343,1.2,3,,Clear,clear-day,UUOB
kharkiv,2024-06-02T09:00:00,24.1,24.1,10.9,43.29,0,0,,0,0,25.2,14.4,240,1016.1,16.6,10,484.1,1.7,5,,Clear,clear-day,"UUOB,34300099999"
kharkiv,2024-06-02T10:00:00,26,26,14,47.54,0,0,,0,0,26.3,10.8,280,1015,16.1,10,645.4,2.3,6,,Clear,clear-day,UUOB
kharkiv,2024-06-02T11:00:00,27,27.1,14,44.82,0,0,,0,0,30.6,14.4,260,1015,44,10,758.8,2.7,8,,Partially cloudy,partly-cloudy-day,UUOB
kharkiv,2024-06-02T12:00:00,28.7,27.5,7.9,27.12,0,0,,0,0,35.3,18,230,1015.3,40,10,830.9,3,8,,Partially cloudy,partly-cloudy-day,"UUOB,34300099999"
kharkiv,2024-06-02T13:00:00,29,27.9,10,30.64,0,0,,0,0,38.2,18,230,1015,63.8,10,858.3,3.1,9,,Partially cloudy,partly-cloudy-day,UUOB
kharkiv,2024-06-02T14:00:00,28,27.1,9,30.37,0,0,,0,0,40,14.4,230,1014,35.7,10,836.7,3,8,,Partially cloudy,partly-cloudy-day,UUOB
kharkiv,2024-06-02T15:00:00,31,29.3,7.6,23.16,0,0,,0,0,40.3,14.5,230,1013.7,40,10,769.2,2.8,8,,Partially cloudy,partly-cloudy-day,"UUOB,34300099999"
kharkiv,2024-06-02T16:00:00,29,27.8,9,28.65,0,0,,0,0,40,10.8,250,1013,19.9,10,660.8,2.4,7,,Clear,clear-day,UUOB
kharkiv,2024-06-02T17:00:00,29,27.8,9,28.65,0,0,,0,0,38.2,10.8,220,1013,33.7,10,447.2,1.6,4,,Partially cloudy,partly-cloudy-day,UUOB
kharkiv,2024-06-02T18:00:00,29.7,28.3,8.7,26.97,0,0,,0,0,34.9,14.4,190,1012.5,80,10,286.6,1,3,,Partially cloudy,partly-cloudy-day,"UUOB,34300099999"
kharkiv,2024-06-02T19:00:00,28,27.1,9,30.37,0,0,,0,0,29.5,10.8,220,1012,64.3,10,180.4,0.6,2,,Partially cloudy,partly-cloudy-day,UUOB
kharkiv,2024-06-02T20:00:00,27,26.7,11,36.81,0,0,,0,0,22,10.8,220,1012,81.2,10,59.8,0.2,1,,Partially cloudy,partly-cloudy-day,UUOB
kharkiv,2024-06-02T21:00:00,26.3,26.3,10.9,37.94,0,0,,0,0,17.3,7.3,201,1012.7,90,10,5.5,0,0,,Partially cloudy,partly-cloudy-night,"UUOB,34300099999"
kharkiv,2024-06-02T22:00:00,25,25,13,47.27,0,0,,0,0,17.3,7.2,210,1013,93.7,10,0,0,0,,Overcast,cloudy,UUOB
kharkiv,2024-06-02T23:00:00,24,24,12,47,0,0,,0,0,19.4,10.8,200,1012,88,10,0,0,0,,Partially cloudy,partly-cloudy-night,UUOB
kharkiv,2024-06-03T00:00:00,23.9,23.9,11.7,46.42,0,0,,0,0,50.4,14.6,220,1011.9,31,10,0,0,0,,Partially cloudy,partly-cloudy-night,"UUOB,34300099999"
kharkiv,2024-06-03T01:00:00,20,20,16,77.76,0,0,,0,0,23,10.8,210,1012,88,10,0,0,0,,Partially cloudy,partly-cloudy-night,UUOB
kharkiv,2024-06-03T02:00:00,19,19,17,88.18,0,0,,0,0,22,3.6,100,1012,37.2,10,0,0,0,,Partially cloudy,partly-cloudy-night,UUOB
kharkiv,2024-06-03T03:00:00,21.6,21.6,11.7,53.49,0,0,,0,0,22,10.7,198,1012.5,18.8,10,0,0,0,,Clear,clear-night,"UUOB,34300099999"
kharkiv,2024-06-03T04:00:00,18,18,16,88.1,0,0,,0,0,21.6,3.6,200,1012,11.4,10,0,0,0,,Clear,clear-night,UUOB
kharkiv,2024-06-03T05:00:00,18,18,16,88.1,0,0,,0,0,20.5,7.2,160,1011,10.7,10,3.9,0,0,,Clear,clear-day,UUOB
kharkiv,2024-06-03T06:00:00,19.8,19.8,12.2,61.48,0,0,,0,0,20.2,3.8,190,1012.7,80,10,62.1,0.2,1,,Partially cloudy,partly-cloudy-day,"UUOB,34300099999"
kharkiv,2024-06-03T07:00:00,19,19,16,82.75,0,0,,0,0,23.4,18,220,1012,48.4,10,167.7,0.6,2,,Partially cloudy,partly-cloudy-day,UUOB
kharkiv,2024-06-03T08:00:00,21,21,17,77.91,0,0,,0,0,26.3,18,230,1012,15.1,10,294.5,1.1,3,,Clear,clear-day,UUOB
kharkiv,2024-06-03T09:00:00,24.1,24.1,15.2,57.43,0,0,,0,0,26.6,7.4,240,1012.8,30,10,456.6,1.6,5,,Partially cloudy,partly-cloudy-day,"UUOB,34300099999"
kharkiv,2024-06-03T10:00:00,24,24,14,53.56,0,0,,0,0,26.6,18,230,1013,33,10,518.4,1.9,5,,Partially cloudy,partly-cloudy-day,UUOB
kharkiv,2024-06-03T11:00:00,26,26,15,50.71,0,0,,0,0,38.9,18,240,1013,30.3,10,680.4,2.4,7,,Partially cloudy,partly-cloudy-day,UUOB
kharkiv,2024-06-03T12:00:00,27.1,27.4,15.1,47.81,0,0,,0,0,42.5,14.5,249,1012.4,80,10,786.9,2.8,8,,Partially cloudy,partly-cloudy-day,"UUOB,34300099999"
kharkiv,2024-06-03T13:00:00,27,27.1,14,44.82,0,0,,0,0,39.6,21.6,230,1013,38.7,10,751.9,2.7,8,,Partially cloudy,partly-cloudy-day,UUOB
kharkiv,2024-06-03T14:00:00,28,27.6,13,39.6,0,0,,0,0,39.6,18,240,1012,72.4,10,621.2,2.2,6,,Partially cloudy,partly-cloudy-day,UUOB
kharkiv,2024-06-03T15:00:00,29.6,28.6,11.6,32.98,0,0,,0,0,43.2,21.7,230,1011.9,80,10,542.7,2,5,,Partially cloudy,partly-cloudy-day,"UUOB,34300099999"
kharkiv,2024-06-03T16:00:00,28,27.3,11,34.71,0,0,,0,0,42.5,32.4,240,1012,100,10,496.9,1.8,5,,Overcast,cloudy,UUOB
kharkiv,2024-06-03T17:00:00,27,26.5,9,32.2,0,0,,0,0,39.2,25.2,240,1012,100,10,419.8,1.5,4,,Overcast,cloudy,UUOB
kharkiv,2024-06-03T18:00:00,28.3,27.3,9.2,30.2,0,0,,0,0,36.4,21.6,260,1011.6,60,10,271.5,1,3,,Partially cloudy,partly-cloudy-day,"UUOB,34300099999"
kharkiv,2024-06-03T19:00:00,26,26,11,39.04,0,0,,0,0,31.7,21.6,240,1012,10.6,10,163.6,0.6,2,,Clear,clear-day,UUOB
kharkiv,2024-06-03T20:00:00,24,24,12,47,0,0,,0,0,23,18,230,1012,8.7,10,74.6,0.3,1,,Clear,clear-day,UUOB
kharkiv,2024-06-03T21:00:00,23.1,23.1,9.7,42.45,0,0,,0,0,16.6,0.2,230,1012.6,4.4,10,6.9,0,0,,Clear,clear-night,"UUOB,34300099999"
kharkiv,2024-06-03T22:00:00,21,21,12,56.4,0,0,,0,0,13.3,7.2,210,1012,2.9,10,0,0,0,,Clear,clear-night,UUOB
kharkiv,2024-06-03T23:00:00,22,22,12,53.05,0,0,,0,0,11.9,10.8,230,1013,2.7,10,0,0,0,,Clear,clear-night,UUOB
kharkiv,2024-06-04T00:00:00,20,20,13,64.06,0,0,,0,0,11.5,10.8,230,1013,34.8,10,0,0,0,,Partially cloudy,partly-cloudy-night,UUOB
kharkiv,2024-06-04T01:00:00,20,20,13,64.06,0,0,,0,0,11.5,10.8,240,1013,51.3,10,0,0,0,,Partially cloudy,partly-cloudy-night,UUOB
kharkiv,2024-06-04T02:00:00,19,19,13,68.17,0,0,,0,0,11.5,10.8,230,1013,97.7,10,0,0,0,,Overcast,cloudy,UUOB
kharkiv,2024-06-04T03:00:00,17.2,17.2,10.9,66.56,0,0,,0,0,11.2,0.2,220,1013.8,100,10,0,0,0,,Overcast,cloudy,"UUOB,34300099999"
kharkiv,2024-06-04T04:00:00,18,18,13,72.57,0,0,,0,0,11.9,10.8,210,1013,98.3,10,0,0,0,,Overcast,cloudy,UUOB
kharkiv,2024-06-04T05:00:00,17,17,13,77.3,0,0,,0,0,11.9,10.8,210,1013,99.2,10,4.1,0,0,,Overcast,cloudy,UUOB
kharkiv,2024-06-04T06:00:00,17.6,17.6,12.1,70.12,0,0,,0,0,14.8,0.2,220,1013.9,80,10,44.1,0.2,0,,Partially cloudy,partly-cloudy-day,"UUOB,34300099999"
kharkiv,2024-06-04T07:00:00,19,19,13,68.17,0,0,,0,0,15.5,10.8,220,1014,97.8,10,109.9,0.4,1,,Overcast,cloudy,UUOB
kharkiv,2024-06-04T08:00:00,21,21,14,64.28,0,0,,0,0,17.6,10.8,230,1014,100,10,259.1,0.9,3,,Overcast,cloudy,UUOB
kharkiv,2024-06-04T09:00:00,23.2,23.2,12.6,51.34,0,0,,0,0,24.1,3.7,328,1014.3,100,10,461.9,1.7,5,,Overcast,cloudy,"UUOB,34300099999"
kharkiv,2024-06-04T10:00:00,25,25,13,47.27,0,0,,0,0,36,18,230,1014,11.2,10,364.2,1.3,4,,Clear,clear-day,UUOB
kharkiv,2024-06-04T11:00:00,27,27.1,14,44.82,0,0,,0,0,29.2,18,240,1014,28.3,10,745,2.7,7,,Partially cloudy,partly-cloudy-day,UUOB
kharkiv,2024-06-04T12:00:00,27.3,26.9,11.1,36.32,0,0,,0,0,33.5,11,200,1014,90,10,679,2.4,7,,Partially cloudy,partly-cloudy-day,"UUOB,34300099999"
kharkiv,2024-06-04T13:00:00,28,27.6,13,39.6,0,0,,0,0,35.3,21.6,230,1014,55.9,10,617.6,2.2,6,,Partially cloudy,partly-cloudy-day,UUOB
kharkiv,2024-06-04T14:00:00,28,27.4,12,37.09,0,0,,0,0,31,21.6,210,1013,39.1,10,549.9,2,5,,Partially cloudy,partly-cloudy-day,UUOB
kharkiv,2024-06-04T15:00:00,29,28.3,13,37.37,0,0,,0,0,30.2,21.6,220,1013,30.2,10,618.4,2.2,6,,Partially cloudy,partly-cloudy-day,UUOB
kharkiv,2024-06-04T16:00:00,27,26.9,13,41.99,0,0,,0,0,29.2,18,220,1013,88,10,564.5,2,6,,Partially cloudy,partly-cloudy-day,UUOB
kharkiv,2024-06-04T17:00:00,28,27.6,13,39.6,0,0,,0,0,27.4,14.4,240,1013,52.6,10,479.7,1.7,5,,Partially cloudy,partly-cloudy-day,UUOB
kharkiv,2024-06-04T18:00:00,29.3,28.3,10.9,31.94,0,0,,0,0,25.9,10.9,249,1012.1,60,10,295,1.1,3,,Partially cloudy,partly-cloudy-day,"UUOB,34300099999"
kharkiv,2024-06-04T19:00:00,27,26.9,13,41.99,0,0,,0,0,22.3,7.2,210,1013,99.6,10,173.8,0.6,2,,Overcast,cloudy,UUOB
kharkiv,2024-06-04T20:00:00,26,26,13,44.54,0,0,,0,0,12.6,7.2,190,1013,100,10,59.3,0.2,1,,Overcast,cloudy,UUOB
kharkiv,2024-06-04T21:00:00,25.3,25.3,14.1,49.86,0,0,,0,0,11.5,21.2,222,1013.1,100,10,6,0,0,,Overcast,cloudy,"UUOB,34300099999"
kharkiv,2024-06-04T22:00:00,25,25,13,47.27,0,0,,0,0,14,7.2,110,1013,80.2,10,0,0,0,,Partially cloudy,partly-cloudy-night,UUOB
kharkiv,2024-06-04T23:00:00,24,24,14,53.56,0,0,,0,0,13.7,14.4,200,1013,11.9,10,0,0,0,,Clear,clear-night,UUOB
kharkiv,2024-06-05T00:00:00,19.7,19.7,15.1,75.06,0,0,,0,0,11.5,0.2,210,1012.6,80,10,0,0,0,,Partially cloudy,partly-cloudy-night,"UUOB,34300099999"
kharkiv,2024-06-05T01:00:00,21,21,15,68.57,0,0,,0,0,11.9,10.8,220,1012,28,10,0,0,0,,Partially cloudy,partly-cloudy-night,UUOB
kharkiv,2024-06-05T02:00:00,20,20,15,72.93,0,0,,0,0,15.1,3.6,90,1012,83.4,10,0,0,0,,Partially cloudy,partly-cloudy-night,UUOB
kharkiv,2024-06-05T03:00:00,19,19,15,77.61,0,0,,0,0,16.6,7.2,130,1012,98,10,0,0,0,,Overcast,cloudy,UUOB
kharkiv,2024-06-05T04:00:00,19,19,15,77.61,0,0,,0,0,19.4,7.2,150,1012,98.6,10,0,0,0,,Overcast,cloudy,UUOB
kharkiv,2024-06-05T05:00:00,20,20,15,72.93,0,0,,0,0,27.4,10.8,190,1013,88,10,3.2,0,0,,Partially cloudy,partly-cloudy-day,UUOB
kharkiv,2024-06-05T06:00:00,19.5,19.5,15.7,78.44,0,0,,0,0,35.3,3.7,3,1013.6,90,10,43.2,0.2,0,,Partially cloudy,partly-cloudy-day,"UUOB,34300099999"
kharkiv,2024-06-05T07:00:00,19,19,17,88.18,0,0,,0,0,37.4,10.8,210,1013,100,10,62,0.2,1,,Overcast,cloudy,UUOB
kharkiv,2024-06-05T08:00:00,20,20,17,82.87,0,0,,0,0,33.1,14.4,220,1013,98.8,9,96.9,0.3,1,,Overcast,cloudy,UUOB
kharkiv,2024-06-05T09:00:00,21.5,21.5,16.7,73.75,0.4,100,rain,0,0,27.7,7.4,180,1014.2,100,10,189.1,0.7,2,,"Rain, Overcast",rain,"UUOB,34300099999"
kharkiv,2024-06-05T10:00:00,22,22,17,73.28,0,0,,0,0,20.5,18,210,1013,100,9,503,1.8,5,,Overcast,cloudy,UUOB
kharkiv,2024-06-05T11:00:00,24,24,17,64.92,0,0,,0,0,22.7,14.4,170,1013,85.3,9,678,2.4,7,,Partially cloudy,partly-cloudy-day,UUOB
kharkiv,2024-06-05T12:00:00,26.1,26.1,15.7,52.5,0,0,,0,0,29.9,10.8,190,1012.8,90,10,792.8,2.9,8,,Partially cloudy,partly-cloudy-day,"UUOB,34300099999"
kharkiv,2024-06-05T13:00:00,27,27.1,14,44.82,0,0,,0,0,30.2,14.4,210,1013,76.8,10,699,2.5,7,,Partially cloudy,partly-cloudy-day,UUOB
kharkiv,2024-06-05T14:00:00,26,26,14,47.54,0,0,,0,0,28.4,21.6,200,1013,57.7,10,742.4,2.7,7,,Partially cloudy,partly-cloudy-day,UUOB
kharkiv,2024-06-05T15:00:00,23,23,14,56.89,0,0,,0,0,28.4,18,150,1012,45.3,10,585.2,2.1,6,,Partially cloudy,partly-cloudy-day,UUOB
kharkiv,2024-06-05T16:00:00,26,26,15,50.71,0,0,,0,0,35.3,18,240,1012,69,10,402,1.4,4,,Partially cloudy,partly-cloudy-day,UUOB
kharkiv,2024-06-05T17:00:00,25,25,13,47.27,0,0,,0,0,34.9,18,230,1011,44.2,10,368.9,1.3,4,,Partially cloudy,partly-cloudy-day,UUOB
kharkiv,2024-06-05T18:00:00,27,27.1,13.6,43.75,0,0,,0,0,26.6,7.3,73,1010.2,90,10,223.7,0.8,2,,Partially cloudy,partly-cloudy-day,"UUOB,34300099999"
kharkiv,2024-06-05T19:00:00,23,23,13,53.31,0,0,,0,0,22.3,10.8,200,1011,35.2,10,198.2,0.7,2,,Partially cloudy,partly-cloudy-day,UUOB
kharkiv,2024-06-05T20:00:00,22,22,15,64.49,0,0,,0,0,20.2,7.2,100,1010,93.9,10,57.8,0.2,1,,Overcast,cloudy,UUOB
kharkiv,2024-06-05T21:00:00,21.8,21.8,16.1,70.05,2,100,rain,0,0,17.3,3.7,130,1011,100,10,3.6,0,0,,"Rain, Overcast",rain,"UUOB,34300099999"
kharkiv,2024-06-05T22:00:00,21,21,16,73.11,0,0,,0,0,27.7,10.8,120,1010,100,10,0,0,0,,Overcast,cloudy,UUOB
kharkiv,2024-06-05T23:00:00,21,21,15,68.57,0,0,,0,0,13,18,150,1009,88,10,0,0,0,,Partially cloudy,partly-cloudy-night,UUOB
kharkiv,2024-06-06T00:00:00,18.2,18.2,14.1,77.24,0,0,,0,0,11.5,7.3,101,1010.4,90,10,0,0,0,,Partially cloudy,partly-cloudy-night,"UUOB,34300099999"
kharkiv,2024-06-06T01:00:00,19,19,12,63.84,0,0,,0,0,19.4,10.8,150,1010,65.9,10,0,0,0,,Partially cloudy,partly-cloudy-night,UUOB
kharkiv,2024-06-06T02:00:00,20,20,11,56.15,0,0,,0,0,12.2,7.2,120,1010,75.7,10,0,0,0,,Partially cloudy,partly-cloudy-night,UUOB
kharkiv,2024-06-06T03:00:00,18,18,12,67.96,0,0,,0,0,10.1,7.2,160,1009,94.4,10,0,0,0,,Overcast,cloudy,UUOB
kharkiv,2024-06-06T04:00:00,16,16,12,77.15,0,0,,0,0,8.3,7.2,260,1009,93.8,10,0,0,0,,Overcast,cloudy,UUOB
kharkiv,2024-06-06T05:00:00,17,17,12,72.39,0,0,,0,0,8.3,3.6,230,1009,90.7,10,4.3,0,0,,Overcast,cloudy,UUOB
kharkiv,2024-06-06T06:00:00,16.4,16.4,14.1,86.56,0,0,,0,0,11.9,0,0,1009.8,40,10,62.6,0.2,1,,Partially cloudy,partly-cloudy-day,"UUOB,34300099999"
kharkiv,2024-06-06T07:00:00,19,19,13,68.17,0,0,,0,0,17.3,7.2,200,1010,50.6,10,163.3,0.6,2,,Partially cloudy,partly-cloudy-day,UUOB
kharkiv,2024-06-06T08:00:00,20,20,14,68.37,0,0,,0,0,24.8,7.2,220,1010,71.7,10,302.3,1.1,3,,Partially cloudy,partly-cloudy-day,UUOB
kharkiv,2024-06-06T09:00:00,22.1,22.1,14.8,63.25,3,100,rain,0,0,27.4,10.8,221,1010,40,10,404,1.5,4,,"Rain, Partially cloudy",rain,"UUOB,34300099999"
kharkiv,2024-06-06T10:00:00,24,24,15,57.14,0,0,,0,0,28.4,10.8,220,1009,49.9,10,523.7,1.9,5,,Partially cloudy,partly-cloudy-day,UUOB
kharkiv,2024-06-06T11:00:00,25,25,14,50.45,0,0,,0,0,35.3,14.4,210,1009,88,10,696.9,2.5,7,,Partially cloudy,partly-cloudy-day,UUOB
kharkiv,2024-06-06T12:00:00,25.3,25.3,13.3,47.38,0,0,,0,0,36,17.9,240,1009.6,80,10,664.4,2.4,7,,Partially cloudy,partly-cloudy-day,"UUOB,34300099999"
kharkiv,2024-06-06T13:00:00,25,25,12,44.27,0,0,,0,0,40.3,21.6,240,1009,36.1,10,752.9,2.7,8,,Partially cloudy,partly-cloudy-day,UUOB
kharkiv,2024-06-06T14:00:00,26,26,13,44.54,0,0,,0,0,43.2,25.2,240,1009,65.2,10,733.1,2.6,7,,Partially cloudy,partly-cloudy-day,UUOB
kharkiv,2024-06-06T15:00:00,25.8,25.8,13.6,46.91,0,0,,0,0,44.6,18.1,230,1009.8,80.1,10,640.1,2.3,6,,Partially cloudy,partly-cloudy-day,"UUOB,34300099999"
kharkiv,2024-06-06T16:00:00,26,26,13,44.54,0,0,,0,0,44.6,18,240,1009,72,10,435.3,1.6,4,,Partially cloudy,partly-cloudy-day,UUOB
kharkiv,2024-06-06T17:00:00,24,24,14,53.56,0,0,,0,0,42.1,21.6,280,1009,88,10,352.1,1.3,4,,Partially cloudy,partly-cloudy-day,UUOB
kharkiv,2024-06-06T18:00:00,22.9,22.9,14.6,59.78,0,0,,0,0,41,18.1,281,1010.2,90,10,279.4,1,3,,Partially cloudy,partly-cloudy-day,"UUOB,34300099999"
kharkiv,2024-06-06T19:00:00,23,23,14,56.89,0,0,,0,0,38.2,21.6,300,1010,30.3,10,161.1,0.6,2,,Partially cloudy,partly-cloudy-day,UUOB
kharkiv,2024-06-06T20:00:00,22,22,15,64.49,0,0,,0,0,35.3,14.4,300,1010,23.4,10,68,0.2,1,,Partially cloudy,partly-cloudy-day,UUOB
kharkiv,2024-06-06T21:00:00,22.3,22.3,12.4,53.44,0,0,,0,0,32,10.9,241,1010.6,40,10,7.7,0,0,,Partially cloudy,partly-cloudy-night,"UUOB,34300099999"
kharkiv,2024-06-06T22:00:00,19,19,16,82.75,0,0,,0,0,28.8,14.4,290,1010,88,10,0,0,0,,Partially cloudy,partly-cloudy-night,UUOB
kharkiv,2024-06-06T23:00:00,18,18,15,82.63,0,0,,0,0,28.4,14.4,290,1010,88,10,0,0,0,,Partially cloudy,partly-cloudy-night,UUOB
kharkiv,2024-06-07T00:00:00,19.3,19.3,13.4,68.47,0,0,,0,0,27.7,10.9,270,1011.4,15.4,10,0,0,0,,Clear,clear-night,"UUOB,34300099999"
kharkiv,2024-06-07T01:00:00,17,17,16,93.84,0,0,,0,0,29.2,14.4,290,1010,23.3,10,0,0,0,,Partially cloudy,partly-cloudy-night,UUOB
kharkiv,2024-06-07T02:00:00,16,16,16,100,0,0,,0,0,29.2,14.4,290,1010,88,10,0,0,0,,Partially cloudy,partly-cloudy-night,UUOB
kharkiv,2024-06-07T03:00:00,17.3,17.3,14.2,81.68,0,0,,0,0,29.2,14.5,271,1011.9,88,10,0,0,0,,Partially cloudy,partly-cloudy-night,"UUOB,34300099999"
kharkiv,2024-06-07T04:00:00,16,16,15,93.79,0,0,,0,0,31.7,18,310,1011,100,10,0,0,0,,Overcast,cloudy,UUOB
kharkiv,2024-06-07T05:00:00,17,17,15,88.01,0,0,,0,0,32.4,21.6,310,1011,100,10,3.3,0,0,,Overcast,cloudy,UUOB
kharkiv,2024-06-07T06:00:00,16.9,16.9,14.2,84.18,0,0,,0,0,33.1,14.6,271,1012.8,40.8,10,43.9,0.2,0,,Partially cloudy,partly-cloudy-day,"UUOB,34300099999"
kharkiv,2024-06-07T07:00:00,17,17,15,88.01,0,0,,0,0,40.3,28.8,320,1012,88,10,123.4,0.4,1,,Partially cloudy,partly-cloudy-day,UUOB
kharkiv,2024-06-07T08:00:00,19,19,15,77.61,0,0,,0,0,41,25.2,320,1012,87.8,10,224.5,0.8,2,,Partially cloudy,partly-cloudy-day,UUOB
kharkiv,2024-06-07T09:00:00,21.8,21.8,13.9,60.56,0,0,,0,0,41.8,18.1,281,1013.1,67.1,10,364.9,1.3,4,,Partially cloudy,partly-cloudy-day,"UUOB,34300099999"
kharkiv,2024-06-07T10:00:00,23,23,14,56.89,0,0,,0,0,51.8,28.8,320,1012,44.9,10,539.1,1.9,5,,Partially cloudy,partly-cloudy-day,UUOB
kharkiv,2024-06-07T11:00:00,25,25,13,47.27,0,0,,0,0,54,25.2,320,1012,24.7,10,667.9,2.4,7,,Partially cloudy,partly-cloudy-day,UUOB
kharkiv,2024-06-07T12:00:00,26.3,26.3,11.1,38.44,0,0,,0,0,47.5,14.6,271,1013,30,10,755.2,2.7,8,,Partially cloudy,partly-cloudy-day,"UUOB,34300099999"
kharkiv,2024-06-07T13:00:00,27,26.8,12,39.32,0,0,,0,0,45.7,28.8,330,1012,21.6,10,644.4,2.3,6,,Partially cloudy,partly-cloudy-day,UUOB
kharkiv,2024-06-07T14:00:00,27,26.8,12,39.32,0,0,,0,0,47.9,28.8,340,1012,33.6,10,731.5,2.6,7,,Partially cloudy,partly-cloudy-day,UUOB
kharkiv,2024-06-07T15:00:00,28,27.3,10.7,33.91,0,0,,0,0,45.7,18.2,300,1012.6,50,10,623.8,2.2,6,,Partially cloudy,partly-cloudy-day,"UUOB,34300099999"
kharkiv,2024-06-07T16:00:00,26,26,11,39.04,0,0,,0,0,44.3,25.2,340,1012,27.1,10,436.2,1.6,4,,Partially cloudy,partly-cloudy-day,UUOB
kharkiv,2024-06-07T17:00:00,27,26.6,10,34.43,0,0,,0,0,40.3,28.8,340,1012,27.9,10,379.2,1.4,4,,Partially cloudy,partly-cloudy-day,UUOB
kharkiv,2024-06-07T18:00:00,27.3,26.8,10.2,34.17,0,0,,0,0,38.2,18.1,271,1012,40,10,305.8,1.1,3,,Partially cloudy,partly-cloudy-day,"UUOB,34300099999"
kharkiv,2024-06-07T19:00:00,25,25,12,44.27,0,0,,0,0,36,21.6,340,1012,27.9,10,208.5,0.8,2,,Partially cloudy,partly-cloudy-day,UUOB
kharkiv,2024-06-07T20:00:00,23,23,12,49.92,0,0,,0,0,29.9,18,340,1013,31.3,10,84.7,0.3,1,,Partially cloudy,partly-cloudy-day,UUOB
kharkiv,2024-06-07T21:00:00,24.1,24.1,11.6,45.39,0,0,,0,0,24.5,0.2,340,1013.1,30,10,8.7,0,0,,Partially cloudy,partly-cloudy-night,"UUOB,34300099999"
kharkiv,2024-06-07T22:00:00,20,20,12,59.99,0,0,,0,0,22,10.8,330,1013,24.3,10,0,0,0,,Partially cloudy,partly-cloudy-night,UUOB
kharkiv,2024-06-07T23:00:00,20,20,12,59.99,0,0,,0,0,16.9,14.4,320,1013,23.7,10,0,0,0,,Partially cloudy,partly-cloudy-night,UUOB
kharkiv,2024-06-08T00:00:00,19.8,19.8,12.8,64.1,0,0,,0,0,15.5,0.2,340,1013.9,62.5,10,0,0,0,,Partially cloudy,partly-cloudy-night,"UUOB,34300099999"
kharkiv,2024-06-08T01:00:00,17,17,12,72.39,0,0,,0,0,15.5,10.8,350,1014,99,10,0,0,0,,Overcast,cloudy,UUOB
kharkiv,2024-06-08T02:00:00,17,17,12,72.39,0,0,,0,0,15.5,10.8,340,1014,30.7,10,0,0,0,,Partially cloudy,partly-cloudy-night,UUOB
kharkiv,2024-06-08T03:00:00,17.8,17.8,12.5,71.24,0,0,,0,0,14.4,0.2,340,1014.2,40,10,0,0,0,,Partially cloudy,partly-cloudy-night,"UUOB,34300099999"
kharkiv,2024-06-08T04:00:00,15,15,12,82.26,0,0,,0,0,13.3,10.8,320,1014,10,10,0,0,0,,Clear,clear-night,UUOB
kharkiv,2024-06-08T05:00:00,15,15,12,82.26,0,0,,0,0,12.2,10.8,320,1014,47.6,10,4.9,0,0,,Partially cloudy,partly-cloudy-day,UUOB
kharkiv,2024-06-08T06:00:00,17.3,17.3,12.4,72.62,0,0,,0,0,13.7,0.2,330,1014.5,50,10,70.2,0.3,1,,Partially cloudy,partly-cloudy-day,"UUOB,34300099999"
kharkiv,2024-06-08T07:00:00,18,18,12,67.96,0,0,,0,0,15.1,10.8,350,1014,11.8,10,196.9,0.7,2,,Clear,clear-day,UUOB
kharkiv,2024-06-08T08:00:00,20,20,12,59.99,0,0,,0,0,15.8,10.8,20,1014,6.4,10,350.6,1.3,4,,Clear,clear-day,UUOB
kharkiv,2024-06-08T09:00:00,23,23,11.3,47.72,0,0,,0,0,17.3,7.3,242,1014,50,10,492.7,1.8,5,,Partially cloudy,partly-cloudy-day,"UUOB,34300099999"
kharkiv,2024-06-08T10:00:00,23,23,10,43.71,0,0,,0,0,23.4,14.4,340,1014,2.3,10,639.8,2.3,6,,Clear,clear-day,UUOB
kharkiv,2024-06-08T11:00:00,24,24,11,43.99,0,0,,0,0,23.4,14.4,330,1013,9.8,10,741.1,2.7,7,,Clear,clear-day,UUOB
kharkiv,2024-06-08T12:00:00,26.1,26.1,9.2,34.28,0,0,,0,0,22.3,14.4,310,1013,60,10,825.9,3,8,,Partially cloudy,partly-cloudy-day,"UUOB,34300099999"
kharkiv,2024-06-08T13:00:00,24,24,10,41.15,0,0,,0,0,22.3,10.8,350,1013,8.1,10,859.4,3.1,9,,Clear,clear-day,UUOB
kharkiv,2024-06-08T14:00:00,27,26.6,10,34.43,0,0,,0,0,21.6,14.4,360,1012,17.9,10,786.1,2.8,8,,Clear,clear-day,UUOB
kharkiv,2024-06-08T15:00:00,29.3,28.1,9.9,29.88,0,0,,0,0,22.3,10.8,270,1011.6,80,10,704.4,2.5,7,,Partially cloudy,partly-cloudy-day,"UUOB,34300099999"
kharkiv,2024-06-08T16:00:00,27,26.6,10,34.43,0,0,,0,0,22.3,10.8,20,1011,47.2,10,603.3,2.2,6,,Partially cloudy,partly-cloudy-day,UUOB
kharkiv,2024-06-08T17:00:00,27,26.7,11,36.81,0,0,,0,0,21.6,7.2,270,1011,39.2,10,469.9,1.7,5,,Partially cloudy,partly-cloudy-day,UUOB
kharkiv,2024-06-08T18:00:00,27.8,27.1,9.7,32.15,0,0,,0,0,19.1,7.1,221,1010.1,80,10,337.1,1.2,3,,Partially cloudy,partly-cloudy-day,"UUOB,34300099999"
kharkiv,2024-06-08T19:00:00,25,25,10,38.76,0,0,,0,0,14.8,3.6,210,1010,88,10,159.4,0.6,2,,Partially cloudy,partly-cloudy-day,UUOB
kharkiv,2024-06-08T20:00:00,17,17,16,93.84,0,0,,0,0,10.1,14.4,300,1012,88,4,53.8,0.2,1,,Partially cloudy,partly-cloudy-day,UUOB
kharkiv,2024-06-08T21:00:00,18.3,18.3,16,86.58,1,100,rain,0,0,15.8,7.1,41,1011.5,99.8,10,6.3,0,0,,"Rain, Overcast",rain,"UUOB,34300099999"
kharkiv,2024-06-08T22:00:00,17,17,16,93.84,0,0,,0,0,21.2,7.2,60,1012,88,10,0,0,0,,Partially cloudy,partly-cloudy-night,UUOB
kharkiv,2024-06-08T23:00:00,16,16,16,100,0,0,,0,0,16.6,7.2,130,1011,88,10,0,0,0,,Partially cloudy,partly-cloudy-night,UUOB
kharkiv,2024-06-09T00:00:00,18.1,18.1,16,87.65,0,0,,0,0,11.5,0.1,190,1012,100,10,0,0,0,,Overcast,cloudy,"UUOB,34300099999"
kharkiv,2024-06-09T01:00:00,17,17,16,93.84,0,0,,0,0,10.1,7.2,240,1011,98.3,10,0,0,0,,Overcast,cloudy,UUOB
kharkiv,2024-06-09T02:00:00,17,17,16,93.84,0,0,,0,0,9.4,7.2,260,1011,100,10,0,0,0,,Overcast,cloudy,UUOB
kharkiv,2024-06-09T03:00:00,16,16,15,93.79,0,0,,0,0,8.6,10.8,270,1011,96.3,10,0,0,0,,Overcast,cloudy,UUOB
kharkiv,2024-06-09T04:00:00,16,16,15,93.79,0,0,,0,0,10.1,10.8,290,1011,86.3,10,0,0,0,,Partially cloudy,partly-cloudy-night,UUOB
kharkiv,2024-06-09T05:00:00,15,15,15,100,0,0,,0,0,11.9,10.8,320,1011,23.7,10,5,0,0,,Partially cloudy,partly-cloudy-day,UUOB
kharkiv,2024-06-09T06:00:00,16.6,16.6,14.7,88.54,0,0,,0,0,15.5,3.7,261,1011.9,11.2,10,68.7,0.2,1,,Clear,clear-day,"UUOB,34300099999"
kharkiv,2024-06-09T07:00:00,18,18,15,82.63,0,0,,0,0,16.6,10.8,320,1011,8,10,186.7,0.7,2,,Clear,clear-day,UUOB
kharkiv,2024-06-09T08:00:00,20,20,16,77.76,0,0,,0,0,16.9,7.2,350,1011,3.7,10,339.9,1.2,3,,Clear,clear-day,UUOB
kharkiv,2024-06-09T09:00:00,22.6,22.6,16,66.43,0,0,,0,0,17.3,3.7,310,1011.3,13.3,10,487.7,1.8,5,,Clear,clear-day,"UUOB,34300099999"
kharkiv,2024-06-09T10:00:00,23,23,14,56.89,0.1,100,rain,0,0,17.6,7.2,300,1011,27.9,10,634.3,2.3,6,,"Rain, Partially cloudy",rain,UUOB
kharkiv,2024-06-09T11:00:00,24,24,13,50.19,0,0,,0,0,19.1,3.6,320,1011,12.8,10,596,2.1,6,,Clear,clear-day,UUOB
kharkiv,2024-06-09T12:00:00,25.3,25.3,11.2,41.09,0,0,,0,0,22,10.8,271,1011.3,60,10,676,2.4,7,,Partially cloudy,partly-cloudy-day,"UUOB,34300099999"
kharkiv,2024-06-09T13:00:00,24,24,12,47,0,0,,0,0,23.4,14.4,280,1011,23.1,10,732.5,2.6,7,,Partially cloudy,partly-cloudy-day,UUOB
kharkiv,2024-06-09T14:00:00,25,25,12,44.27,0,0,,0,0,23.4,10.8,310,1011,11.7,10,707.6,2.5,7,,Clear,clear-day,UUOB
kharkiv,2024-06-09T15:00:00,27.6,27.2,11.6,37.04,0,0,,0,0,22.7,10.9,310,1010.6,60,10,721.3,2.6,7,,Partially cloudy,partly-cloudy-day,"UUOB,34300099999"
kharkiv,2024-06-09T16:00:00,26,26,11,39.04,0,0,,0,0,23.8,7.2,240,1011,10.7,10,655.4,2.4,7,,Clear,clear-day,UUOB
kharkiv,2024-06-09T17:00:00,27,26.6,10,34.43,0,0,,0,0,23.8,10.8,240,1010,8,10,486.3,1.8,5,,Clear,clear-day,UUOB
kharkiv,2024-06-09T18:00:00,28.1,27.2,9.4,30.96,0,0,,0,0,22.3,7.3,281,1010.1,50,10,368.6,1.3,4,,Partially cloudy,partly-cloudy-day,"UUOB,34300099999"
kharkiv,2024-06-09T19:00:00,25,25,12,44.27,0,0,,0,0,17.3,10.8,310,1011,1.2,10,220.4,0.8,2,,Clear,clear-day,UUOB
kharkiv,2024-06-09T20:00:00,23,23,11,46.73,0,0,,0,0,11.2,7.2,300,1011,4.9,10,92.6,0.3,1,,Clear,clear-day,UUOB
kharkiv,2024-06-09T21:00:00,23.1,23.1,11.3,47.39,0,0,,0,0,10.4,0,0,1011.5,80,10,10,0,0,,Partially cloudy,partly-cloudy-night,"UUOB,34300099999"
kharkiv,2024-06-09T22:00:00,23,23,11,46.73,0,0,,0,0,12.2,3.6,220,1012,97.4,10,0,0,0,,Overcast,cloudy,UUOB
kharkiv,2024-06-09T23:00:00,21,21,12,56.4,0,0,,0,0,11.9,7.2,140,1012,52.3,10,0,0,0,,Partially cloudy,partly-cloudy-night,UUOB
kharkiv,2024-06-10T00:00:00,20.6,20.6,13.3,62.98,0,0,,0,0,12.2,0.1,70,1012,39.7,10,0,0,0,,Partially cloudy,partly-cloudy-night,"UUOB,34300099999"
kharkiv,2024-06-10T01:00:00,17,17,13,77.3,0,0,,0,0,11.9,7.2,100,1012,74.8,10,0,0,0,,Partially cloudy,partly-cloudy-night,UUOB
kharkiv,2024-06-10T02:00:00,18,18,13,72.57,0,0,,0,0,11.5,3.6,90,1012,5.2,10,0,0,0,,Clear,clear-night,UUOB
kharkiv,2024-06-10T03:00:00,17.8,17.8,13.8,77.52,0,0,,0,0,11.9,0.1,90,1012.4,60,10,0,0,0,,Partially cloudy,partly-cloudy-night,"UUOB,34300099999"
kharkiv,2024-06-10T04:00:00,16,16,13,82.38,0,0,,0,0,12.2,0,0,1012,78.4,10,0,0,0,,Partially cloudy,partly-cloudy-night,UUOB
kharkiv,2024-06-10T05:00:00,15,15,13,87.83,0,0,,0,0,13,0,0,1012,41,10,5.3,0,0,,Partially cloudy,partly-cloudy-day,UUOB
kharkiv,2024-06-10T06:00:00,17.3,17.3,13.4,77.45,0,0,,0,0,16.2,0,0,1012.5,60,10,69.1,0.2,1,,Partially cloudy,partly-cloudy-day,"UUOB,34300099999"
kharkiv,2024-06-10T07:00:00,19,19,14,72.75,0,0,,0,0,19.8,7.2,190,1012,2,9,199,0.7,2,,Clear,clear-day,UUOB
kharkiv,2024-06-10T08:00:00,23,23,15,60.69,0,0,,0,0,23.4,7.2,180,1012,9.8,10,355.5,1.3,4,,Clear,clear-day,UUOB
kharkiv,2024-06-10T09:00:00,25.6,25.6,13.7,47.61,0,0,,0,0,28.1,7.3,141,1012.3,60,10,513.5,1.8,5,,Partially cloudy,partly-cloudy-day,"UUOB,34300099999"
kharkiv,2024-06-10T10:00:00,27,27.2,15,47.81,0,0,,0,0,30.2,14.4,190,1013,97.8,10,650.6,2.3,7,,Overcast,cloudy,UUOB
kharkiv,2024-06-10T11:00:00,28,27.8,14,42.27,0,0,,0,0,30.6,14.4,190,1012,99,10,684.8,2.5,7,,Overcast,cloudy,UUOB
kharkiv,2024-06-10T12:00:00,29.6,28.4,10.2,29.91,0,0,,0,0,30.6,7.3,141,1011.6,80,10,625,2.3,6,,Partially cloudy,partly-cloudy-day,"UUOB,34300099999"
kharkiv,2024-06-10T13:00:00,30,28.6,10,28.92,0,0,,0,0,30.2,18,170,1012,100,10,558.1,2,6,,Overcast,cloudy,UUOB
kharkiv,2024-06-10T14:00:00,31,29.6,11,29.2,0,0,,0,0,30.6,14.4,180,1012,91.7,10,565.8,2,6,,Overcast,cloudy,UUOB
kharkiv,2024-06-10T15:00:00,31.3,29.5,7.9,23.21,0,0,,0,0,31.7,17.9,200,1010.7,50,10,602.7,2.2,6,,Partially cloudy,partly-cloudy-day,"UUOB,34300099999"
kharkiv,2024-06-10T16:00:00,30,28.6,10,28.92,0,0,,0,0,32.4,14.4,190,1011,25.1,10,546.7,2,5,,Partially cloudy,partly-cloudy-day,UUOB
kharkiv,2024-06-10T17:00:00,30,28.5,9,27.05,0,0,,0,0,32.8,18,190,1011,33.4,10,478.4,1.7,5,,Partially cloudy,partly-cloudy-day,UUOB
kharkiv,2024-06-10T18:00:00,30.3,28.9,9.3,27.12,0,0,,0,0,31.7,10.9,200,1010.1,80,10,333.5,1.2,3,,Partially cloudy,partly-cloudy-day,"UUOB,34300099999"
kharkiv,2024-06-10T19:00:00,30,28.6,10,28.92,0,0,,0,0,25.9,10.8,200,1011,32.1,10,158,0.6,2,,Partially cloudy,partly-cloudy-day,UUOB
kharkiv,2024-06-10T20:00:00,28,27.2,10,32.48,0,0,,0,0,14.8,7.2,210,1011,20.1,10,73.2,0.3,1,,Partially cloudy,partly-cloudy-day,UUOB
kharkiv,2024-06-10T21:00:00,26.6,26.6,12.1,40.64,0,0,,0,0,14.8,0.1,180,1010.7,80,10,8.4,0,0,,Partially cloudy,partly-cloudy-night,"UUOB,34300099999"
kharkiv,2024-06-10T22:00:00,27,26.8,12,39.32,0,0,,0,0,13,7.2,190,1011,5,10,0,0,0,,Clear,clear-night,UUOB
kharkiv,2024-06-10T23:00:00,26,26,12,41.71,0,0,,0,0,16.9,7.2,220,1011,0.6,10,0,0,0,,Clear,clear-night,UUOB
kharkiv,2024-06-11T00:00:00,25.1,25.1,12.7,45.83,0,0,,0,0,22,0.1,190,1010.8,30,10,0,0,0,,Partially cloudy,partly-cloudy-night,"UUOB,34300099999"
kharkiv,2024-06-11T01:00:00,23,23,13,53.31,0,0,,0,0,22.7,7.2,190,1011,18.9,10,0,0,0,,Clear,clear-night,UUOB
kharkiv,2024-06-11T02:00:00,23,23,13,53.31,0,0,,0,0,22.7,10.8,200,1011,2.2,10,0,0,0,,Clear,clear-night,UUOB
kharkiv,2024-06-11T03:00:00,22,22,12.4,54.17,0,0,,0,0,22,3.7,239,1011.1,40,10,0,0,0,,Partially cloudy,partly-cloudy-night,"UUOB,34300099999"
kharkiv,2024-06-11T04:00:00,22,22,13,56.65,0,0,,0,0,21.6,14.4,220,1011,37.7,10,0,0,0,,Partially cloudy,partly-cloudy-night,UUOB
kharkiv,2024-06-11T05:00:00,22,22,13,56.65,0,0,,0,0,22.3,7.2,200,1011,27.1,10,5.4,0,0,,Partially cloudy,partly-cloudy-day,UUOB
kharkiv,2024-06-11T06:00:00,21.7,21.7,12.6,56.21,0,0,,0,0,24.8,0.1,190,1011.4,80.1,10,64.9,0.2,1,,Partially cloudy,partly-cloudy-day,"UUOB,34300099999"
kharkiv,2024-06-11T07:00:00,22,22,13,56.65,0,0,,0,0,27.4,7.2,210,1011,88,10,133.3,0.5,1,,Partially cloudy,partly-cloudy-day,UUOB
kharkiv,2024-06-11T08:00:00,24,24,14,53.56,0,0,,0,0,30.2,7.2,190,1012,41.2,10,248.8,0.9,2,,Partially cloudy,partly-cloudy-day,UUOB
kharkiv,2024-06-11T09:00:00,23.9,23.9,13.1,51.03,0,0,,0,0,33.1,7.3,161,1012.1,90,10,387.5,1.4,4,,Partially cloudy,partly-cloudy-day,"UUOB,34300099999"
kharkiv,2024-06-11T10:00:00,25,25,13,47.27,0,0,,0,0,33.8,10.8,220,1012,44.5,10,538.4,1.9,5,,Partially cloudy,partly-cloudy-day,UUOB
kharkiv,2024-06-11T11:00:00,27,26.8,12,39.32,0,0,,0,0,43.6,14.4,200,1012,71.8,10,608.3,2.2,6,,Partially cloudy,partly-cloudy-day,UUOB
kharkiv,2024-06-11T12:00:00,27.8,27.5,12.7,39.11,0,0,,0,0,44.3,10.9,180,1012,80,10,614.1,2.2,6,,Partially cloudy,partly-cloudy-day,"UUOB,34300099999"
kharkiv,2024-06-11T13:00:00,28,27.6,13,39.6,0,0,,0,0,51.5,14.4,200,1012,70.7,10,701.9,2.5,7,,Partially cloudy,partly-cloudy-day,UUOB
kharkiv,2024-06-11T14:00:00,28,28,15,45.09,0,0,,0,0,46.8,10.8,180,1012,88,10,499.8,1.8,5,,Partially cloudy,partly-cloudy-day,UUOB
kharkiv,2024-06-11T15:00:00,30.6,29.1,9.7,27.41,0,0,,0,0,41.4,17.9,210,1011.2,80,10,524.5,1.9,5,,Partially cloudy,partly-cloudy-day,"UUOB,34300099999"
kharkiv,2024-06-11T16:00:00,30,28.9,12,33.03,0.1,100,rain,0,0,41.4,14.4,230,1011,74.7,10,404.3,1.5,4,,"Rain, Partially cloudy",rain,UUOB
kharkiv,2024-06-11T17:00:00,28,27.4,12,37.09,0,0,,0,0,40.7,10.8,260,1011,98.3,10,331.8,1.2,3,,Overcast,cloudy,UUOB
kharkiv,2024-06-11T18:00:00,30.3,29,10.4,29.21,0,0,,0,0,34.2,10.7,221,1010.6,90,10,222.3,0.8,2,,Partially cloudy,partly-cloudy-day,"UUOB,34300099999"
kharkiv,2024-06-11T19:00:00,26,26,14,47.54,0,0,,0,0,22.3,3.6,280,1011,91.9,10,152,0.5,2,,Overcast,cloudy,UUOB
kharkiv,2024-06-11T20:00:00,27,27.1,14,44.82,0,0,,0,0,9.4,3.6,180,1011,82.7,10,67.2,0.2,1,,Partially cloudy,partly-cloudy-day,UUOB
kharkiv,2024-06-11T21:00:00,26.3,26.3,11.7,40.05,0,0,,0,0,14.8,0.1,130,1010.4,60,10,9.2,0,0,,Partially cloudy,partly-cloudy-night,"UUOB,34300099999"
kharkiv,2024-06-11T22:00:00,24,24,14,53.56,0,0,,0,0,13.7,3.6,130,1011,22.3,10,0,0,0,,Partially cloudy,partly-cloudy-night,UUOB
kharkiv,2024-06-11T23:00:00,24,24,14,53.56,0,0,,0,0,14.8,3.6,150,1011,36,10,0,0,0,,Partially cloudy,partly-cloudy-night,UUOB
kharkiv,2024-06-12T00:00:00,24.5,24.5,13.7,50.77,0,0,,0,0,16.2,7.2,131,1011.3,100,10,0,0,0,,Overcast,cloudy,"UUOB,34300099999"
kharkiv,2024-06-12T01:00:00,24,24,14,53.56,0,0,,0,0,16.2,7.2,180,1011,29.4,10,0,0,0,,Partially cloudy,partly-cloudy-night,UUOB
kharkiv,2024-06-12T02:00:00,23,23,14,56.89,0,0,,0,0,16.2,7.2,240,1012,32,10,0,0,0,,Partially cloudy,partly-cloudy-night,UUOB
kharkiv,2024-06-12T03:00:00,22,22,14,60.46,0,0,,0,0,14.8,7.2,120,1011,42.1,10,0,0,0,,Partially cloudy,partly-cloudy-night,UUOB
kharkiv,2024-06-12T04:00:00,21,21,15,68.57,0,0,,0,0,14,7.2,150,1011,37.9,10,0,0,0,,Partially cloudy,partly-cloudy-night,UUOB
kharkiv,2024-06-12T05:00:00,22,22,14,60.46,0,0,,0,0,13.7,7.2,220,1012,49.3,10,4.8,0,0,,Partially cloudy,partly-cloudy-day,UUOB
kharkiv,2024-06-12T06:00:00,22.1,22.1,14.2,60.87,0,0,,0,0,14.8,0.1,200,1011.3,80,10,63.8,0.2,1,,Partially cloudy,partly-cloudy-day,"UUOB,34300099999"
kharkiv,2024-06-12T07:00:00,24,24,15,57.14,0,0,,0,0,17.6,7.2,200,1012,20.4,10,176.5,0.6,2,,Partially cloudy,partly-cloudy-day,UUOB
kharkiv,2024-06-12T08:00:00,25,25,16,57.38,0,0,,0,0,23.4,7.2,170,1011,10.2,10,336,1.2,3,,Clear,clear-day,UUOB
kharkiv,2024-06-12T09:00:00,27.8,27.9,14.9,45.16,0,0,,0,0,29.5,10.8,130,1010.6,80,10,504.7,1.8,5,,Partially cloudy,partly-cloudy-day,"UUOB,34300099999"
kharkiv,2024-06-12T10:00:00,28,28,15,45.09,0,0,,0,0,38.2,14.4,180,1011,54.3,10,587.9,2.1,6,,Partially cloudy,partly-cloudy-day,UUOB
kharkiv,2024-06-12T11:00:00,29,28.8,15,42.54,0,0,,0,0,45,18,190,1011,71.4,10,626.4,2.3,6,,Partially cloudy,partly-cloudy-day,UUOB
kharkiv,2024-06-12T12:00:00,28.2,28,14.3,42.78,0,0,,0,0,45,11,92,1010.4,80,10,605.6,2.2,6,,Partially cloudy,partly-cloudy-day,"UUOB,34300099999"
kharkiv,2024-06-12T13:00:00,28,28,15,45.09,0,0,,0,0,42.5,18,210,1010,68.5,10,618.4,2.2,6,,Partially cloudy,partly-cloudy-day,UUOB
kharkiv,2024-06-12T14:00:00,28,28.2,16,48.08,0,0,,0,0,42.8,14.4,240,1010,69.5,10,539,1.9,5,,Partially cloudy,partly-cloudy-day,UUOB
kharkiv,2024-06-12T15:00:00,29,28.8,15,42.54,0,0,,0,0,43.2,14.4,190,1009,62,10,554,2,6,,Partially cloudy,partly-cloudy-day,UUOB
kharkiv,2024-06-12T16:00:00,29,29.1,16,45.36,0,0,,0,0,44.6,21.6,190,1008,75.3,10,462.2,1.7,5,,Partially cloudy,partly-cloudy-day,UUOB
kharkiv,2024-06-12T17:00:00,27,27.4,16,50.97,0,0,,0,0,43.2,21.6,180,1008,86.5,10,298.4,1.1,3,,Partially cloudy,partly-cloudy-day,UUOB
kharkiv,2024-06-12T18:00:00,22.2,22.2,19.1,83.04,0,0,,0,0,38.9,14.3,52,1008.4,80.1,10,232.7,0.8,2,,Partially cloudy,partly-cloudy-day,"UUOB,34300099999"
kharkiv,2024-06-12T19:00:00,23,23,19,78.2,0,0,,0,0,35.3,10.8,190,1008,88,10,155.4,0.6,2,,Partially cloudy,partly-cloudy-day,UUOB
kharkiv,2024-06-12T20:00:00,22,22,18,78.06,0,0,,0,0,29.9,10.8,160,1008,93.5,10,67,0.2,1,,Overcast,cloudy,UUOB
kharkiv,2024-06-12T21:00:00,21.1,21.1,17.7,80.48,5,100,rain,0,0,28.8,10.8,200,1008.3,80,10,8.9,0,0,,"Rain, Partially cloudy",rain,"UUOB,34300099999"
kharkiv,2024-06-12T22:00:00,21,21,18,82.98,0,0,,0,0,17.3,14.4,180,1008,29.3,10,0,0,0,,Partially cloudy,partly-cloudy-night,UUOB
kharkiv,2024-06-12T23:00:00,20,20,18,88.27,0,0,,0,0,20.9,10.8,160,1008,31.1,10,0,0,0,,Partially cloudy,partly-cloudy-night,UUOB
kharkiv,2024-06-13T00:00:00,19.1,19.1,14.7,75.85,0,0,,0,0,25.9,14.3,249,1009.3,60.5,10,0,0,0,,Partially cloudy,partly-cloudy-night,"UUOB,34300099999"
kharkiv,2024-06-13T01:00:00,18,18,15,82.63,0,0,,0,0,30.6,14.4,280,1009,100,10,0,0,0,,Overcast,cloudy,UUOB
kharkiv,2024-06-13T02:00:00,17,17,15,88.01,0,0,,0,0,31,10.8,250,1009,94.7,10,0,0,0,,Overcast,cloudy,UUOB
kharkiv,2024-06-13T03:00:00,17.6,17.6,13.2,75.13,0,0,,0,0,29.2,7.3,240,1009.8,80.1,10,0,0,0,,Partially cloudy,partly-cloudy-night,"UUOB,34300099999"
kharkiv,2024-06-13T04:00:00,17,17,13,77.3,0,0,,0,0,26.6,14.4,250,1009,88,10,0,0,0,,Partially cloudy,partly-cloudy-night,UUOB
kharkiv,2024-06-13T05:00:00,17,17,14,82.5,0,0,,0,0,26.3,10.8,230,1009,88,10,3.2,0,0,,Partially cloudy,partly-cloudy-day,UUOB
kharkiv,2024-06-13T06:00:00,16.6,16.6,14.4,86.42,0,0,,0,0,29.5,7.3,211,1010.5,99.8,10,32.6,0.1,0,,Overcast,cloudy,"UUOB,34300099999"
kharkiv,2024-06-13T07:00:00,16,16,15,93.79,0,0,,0,0,32.4,10.8,250,1009,88,10,64.5,0.2,1,,Partially cloudy,partly-cloudy-day,UUOB
kharkiv,2024-06-13T08:00:00,17,17,15,88.01,0,0,,0,0,34.2,14.4,250,1009,88,10,110.6,0.4,1,,Partially cloudy,partly-cloudy-day,UUOB
kharkiv,2024-06-13T09:00:00,16.9,16.9,14.2,84.18,0,0,,0,0,35.3,10.9,250,1011.3,99.8,10,141.3,0.5,1,,Overcast,cloudy,"UUOB,34300099999"
kharkiv,2024-06-13T10:00:00,17,17,15,88.01,0,0,,0,0,32.4,14.4,260,1010,88,10,148.1,0.5,1,,Partially cloudy,partly-cloudy-day,UUOB
kharkiv,2024-06-13T11:00:00,17,17,15,88.01,0,0,,0,0,39.6,14.4,260,1010,88,10,183.8,0.7,2,,Partially cloudy,partly-cloudy-day,UUOB
kharkiv,2024-06-13T12:00:00,18.5,18.5,14.7,78.12,0,0,,0,0,39.2,14.5,231,1012.1,90,10,230.2,0.8,2,,Partially cloudy,partly-cloudy-day,"UUOB,34300099999"
kharkiv,2024-06-13T13:00:00,18,18,15,82.63,0,0,,0,0,38.9,21.6,280,1011,88,10,263.4,0.9,3,,Partially cloudy,partly-cloudy-day,UUOB
kharkiv,2024-06-13T14:00:00,19,19,15,77.61,0,0,,0,0,39.2,21.6,280,1011,88,10,276.2,1,3,,Partially cloudy,partly-cloudy-day,UUOB
kharkiv,2024-06-13T15:00:00,22.3,22.3,16.1,68.19,0,0,,0,0,40,18.1,251,1012.1,90,10,264.1,1,3,,Partially cloudy,partly-cloudy-day,"UUOB,34300099999"
kharkiv,2024-06-13T16:00:00,18,18,16,88.1,0,0,,0,0,39.6,14.4,280,1012,88,10,226.9,0.8,2,,Partially cloudy,partly-cloudy-day,UUOB
kharkiv,2024-06-13T17:00:00,19,19,16,82.75,0,0,,0,0,40,18,290,1012,88,10,203.3,0.7,2,,Partially cloudy,partly-cloudy-day,UUOB
kharkiv,2024-06-13T18:00:00,22.1,22.1,15.6,66.6,0,0,,0,0,38.5,10.9,290,1012.6,90,10,152.5,0.5,2,,Partially cloudy,partly-cloudy-day,"UUOB,34300099999"
kharkiv,2024-06-13T19:00:00,18,18,16,88.1,0,0,,0,0,31.7,18,300,1013,88,10,144.7,0.5,1,,Partially cloudy,partly-cloudy-day,UUOB
kharkiv,2024-06-13T20:00:00,18,18,16,88.1,0,0,,0,0,26.3,10.8,300,1013,88,10,59.8,0.2,1,,Partially cloudy,partly-cloudy-day,UUOB
kharkiv,2024-06-13T21:00:00,20,20,14.7,71.35,0,0,,0,0,19.4,3.8,320,1013.3,40.8,10,7.3,0,0,,Partially cloudy,partly-cloudy-night,"UUOB,34300099999"
kharkiv,2024-06-13T22:00:00,17,17,14,82.5,0,0,,0,0,14.8,18,330,1013,88,10,0,0,0,,Partially cloudy,partly-cloudy-night,UUOB
kharkiv,2024-06-13T23:00:00,15,15,13,87.83,0,0,,0,0,11.2,10.8,310,1013,75.2,10,0,0,0,,Partially cloudy,partly-cloudy-night,UUOB
kharkiv,2024-06-14T00:00:00,17.6,17.6,14.1,80.17,0,0,,0,0,10.4,0.2,310,1013.6,40,10,0,0,0,,Partially cloudy,partly-cloudy-night,"UUOB,34300099999"
kharkiv,2024-06-14T01:00:00,14,14,12,87.74,0,0,,0,0,10.1,14.4,320,1013,54.2,10,0,0,0,,Partially cloudy,partly-cloudy-night,UUOB
kharkiv,2024-06-14T02:00:00,13,13,12,93.65,0,0,,0,0,10.4,14.4,330,1013,37.6,10,0,0,0,,Partially cloudy,partly-cloudy-night,UUOB
kharkiv,2024-06-14T03:00:00,15.3,15.3,13.1,86.84,0,0,,0,0,10.1,0.2,330,1013.3,9.7,10,0,0,0,,Clear,clear-night,"UUOB,34300099999"
kharkiv,2024-06-14T04:00:00,13,13,11,87.65,0,0,,0,0,9.7,7.2,360,1012,0,10,0,0,0,,Clear,clear-night,UUOB
kharkiv,2024-06-14T05:00:00,14,14,12,87.74,0,0,,0,0,10.4,3.6,300,1013,10.9,10,5.4,0,0,,Clear,clear-day,UUOB
kharkiv,2024-06-14T06:00:00,15,15,13.1,88.31,0,0,,0,0,12.6,0,0,1013.6,50,10,71.6,0.3,1,,Partially cloudy,partly-cloudy-day,"UUOB,34300099999"
kharkiv,2024-06-14T07:00:00,16,16,13,82.38,0,0,,0,0,14,10.8,290,1013,46.2,10,159.4,0.6,2,,Partially cloudy,partly-cloudy-day,UUOB
kharkiv,2024-06-14T08:00:00,19,19,14,72.75,0,0,,0,0,15.5,10.8,290,1013,41.7,10,242.8,0.9,2,,Partially cloudy,partly-cloudy-day,UUOB
kharkiv,2024-06-14T09:00:00,20.3,20.3,13.4,64.28,0,0,,0,0,15.8,10.7,291,1013.4,80,10,491.5,1.8,5,,Partially cloudy,partly-cloudy-day,"UUOB,34300099999"
kharkiv,2024-06-14T10:00:00,22,22,14,60.46,0,0,,0,0,16.2,14.4,340,1013,73.7,10,513.2,1.8,5,,Partially cloudy,partly-cloudy-day,UUOB
kharkiv,2024-06-14T11:00:00,23,23,14,56.89,0,0,,0,0,15.8,10.8,340,1013,41.3,10,542.2,2,5,,Partially cloudy,partly-cloudy-day,UUOB
kharkiv,2024-06-14T12:00:00,23.8,23.8,11.9,47.07,0,0,,0,0,14,7.3,330,1012.9,80,10,550.2,2,6,,Partially cloudy,partly-cloudy-day,"UUOB,34300099999"
kharkiv,2024-06-14T13:00:00,24,24,13,50.19,0,0,,0,0,14,7.2,340,1013,88,10,769.3,2.8,8,,Partially cloudy,partly-cloudy-day,UUOB
kharkiv,2024-06-14T14:00:00,24,24,13,50.19,0,0,,0,0,21.6,3.6,10,1012,87.2,10,662.4,2.4,7,,Partially cloudy,partly-cloudy-day,UUOB
kharkiv,2024-06-14T15:00:00,25.7,25.7,11.2,40.35,0,0,,0,0,15.1,7.2,293,1011.7,50.6,10,432.4,1.6,4,,Partially cloudy,partly-cloudy-day,"UUOB,34300099999"
kharkiv,2024-06-14T16:00:00,25,25,14,50.45,0,0,,0,0,14,7.2,80,1012,96.5,10,348.4,1.3,3,,Overcast,cloudy,UUOB
kharkiv,2024-06-14T17:00:00,25,25,13,47.27,0,0,,0,0,11.9,7.2,340,1012,100,10,213.5,0.8,2,,Overcast,cloudy,UUOB
kharkiv,2024-06-14T18:00:00,27.3,26.7,9.7,33.24,0,0,,0,0,9,7.3,11,1011,80,10,188.5,0.7,2,,Partially cloudy,partly-cloudy-day,"UUOB,34300099999"
kharkiv,2024-06-14T19:00:00,23,23,15,60.69,0,0,,0,0,9.7,14.4,70,1012,98.6,10,100.4,0.4,1,,Overcast,cloudy,UUOB
kharkiv,2024-06-14T20:00:00,21,21,15,68.57,0,0,,0,0,9.4,10.8,60,1012,88,10,71,0.3,1,,Partially cloudy,partly-cloudy-day,UUOB
kharkiv,2024-06-14T21:00:00,23.5,23.5,11.6,47.19,0,0,,0,0,10.1,3.8,31,1011.4,100,10,8.4,0,0,,Overcast,cloudy,"UUOB,34300099999"
kharkiv,2024-06-14T22:00:00,19,19,14,72.75,0.3,100,rain,0,0,22,10.8,80,1012,84.9,10,0,0,0,,"Rain, Partially cloudy",rain,UUOB
kharkiv,2024-06-14T23:00:00,18,18,14,77.46,0.7,100,rain,0,0,25.2,10.8,90,1012,97.1,10,0,0,0,,"Rain, Overcast",rain,UUOB
kharkiv,2024-06-15T00:00:00,18,18,14,77.46,0,0,,0,0,25.6,10.8,90,1012,100,10,0,0,0,,Overcast,cloudy,UUOB
kharkiv,2024-06-15T01:00:00,17,17,14,82.5,0,0,,0,0,24.8,10.8,80,1012,100,10,0,0,0,,Overcast,cloudy,UUOB
kharkiv,2024-06-15T02:00:00,16,16,14,87.92,0,0,,0,0,24.1,10.8,70,1012,100,10,0,0,0,,Overcast,cloudy,UUOB
kharkiv,2024-06-15T03:00:00,16,16,14,87.92,0,0,,0,0,22.7,10.8,80,1012,100,10,0,0,0,,Overcast,cloudy,UUOB
kharkiv,2024-06-15T04:00:00,15,15,14,93.74,0,0,,0,0,22.7,10.8,70,1012,99.4,10,0,0,0,,Overcast,cloudy,UUOB
kharkiv,2024-06-15T05:00:00,15,15,14,93.74,0,0,,0,0,22.3,10.8,70,1011,99,10,1.3,0,0,,Overcast,cloudy,UUOB
kharkiv,2024-06-15T06:00:00,17.8,17.8,15.3,85.35,0,0,,0,0,24.5,14.4,60,1010,90,10,15.7,0.1,0,,Partially cloudy,partly-cloudy-day,"UUOB,34300099999"
kharkiv,2024-06-15T07:00:00,17,17,15,88.01,0,0,,0,0,28.1,14.4,60,1011,100,10,79.9,0.3,1,,Overcast,cloudy,UUOB
kharkiv,2024-06-15T08:00:00,19,19,15,77.61,0,0,,0,0,29.9,18,90,1011,100,10,174,0.6,2,,Overcast,cloudy,UUOB
kharkiv,2024-06-15T09:00:00,20.6,20.6,16.3,76.8,0.4,100,rain,0,0,29.9,11,80,1010.2,90,10,204.9,0.7,2,,"Rain, Partially cloudy",rain,"UUOB,34300099999"
kharkiv,2024-06-15T10:00:00,23,23,16,64.71,0,0,,0,0,35.3,21.6,100,1011,50,10,394.7,1.4,4,,Partially cloudy,partly-cloudy-day,UUOB
kharkiv,2024-06-15T11:00:00,23,23,16,64.71,0,0,,0,0,38.2,25.2,110,1010,100,10,514.9,1.9,5,,Overcast,cloudy,UUOB
kharkiv,2024-06-15T12:00:00,23.4,23.4,16,63.46,0,0,,0,0,38.9,11,61,1009.2,90,10,574.8,2.1,6,,Partially cloudy,partly-cloudy-day,"UUOB,34300099999"
kharkiv,2024-06-15T13:00:00,26,26,16,54.07,0,0,,0,0,37.8,21.6,60,1010,100,10,492.6,1.8,5,,Overcast,cloudy,UUOB
kharkiv,2024-06-15T14:00:00,26,26,15,50.71,0,0,,0,0,34.6,18,40,1010,100,10,344.1,1.2,3,,Overcast,cloudy,UUOB
kharkiv,2024-06-15T15:00:00,26,26,15,50.71,0,0,,0,0,33.5,14.4,50,1010,100,10,325.8,1.2,3,,Overcast,cloudy,UUOB
kharkiv,2024-06-15T16:00:00,25,25,15,53.82,0,0,,0,0,32.4,10.8,20,1010,50,10,245.3,0.9,2,,Partially cloudy,partly-cloudy-day,UUOB
kharkiv,2024-06-15T17:00:00,25,25,16,57.38,0,0,,0,0,30.2,10.8,20,1009,100,10,199.6,0.7,2,,Overcast,cloudy,UUOB
kharkiv,2024-06-15T18:00:00,23.4,23.4,18,71.87,0,0,,0,0,28.4,0.2,10,1008.4,100,10,121.3,0.4,1,,Overcast,cloudy,"UUOB,34300099999"
kharkiv,2024-06-15T19:00:00,25,25,15,53.82,0,0,,0,0,25.9,18,10,1009,100,10,48.9,0.2,0,,Overcast,cloudy,UUOB
kharkiv,2024-06-15T20:00:00,24,24,15,57.14,0,0,,0,0,26.6,18,20,1009,100,10,22.9,0.1,0,,Overcast,cloudy,UUOB
kharkiv,2024-06-15T21:00:00,20.4,20.4,18.5,88.83,11,100,rain,0,0,25.9,7.4,30,1008.6,100,4.1,3.7,0,0,,"Rain, Overcast",rain,"UUOB,34300099999"
kharkiv,2024-06-15T22:00:00,20,20,18,88.27,0,0,,0,0,29.9,18,60,1011,88,9,0,0,0,,Partially cloudy,partly-cloudy-night,UUOB
kharkiv,2024-06-15T23:00:00,19,19,18,93.93,0,0,,0,0,30.6,14.4,50,1010,88,9,0,0,0,,Partially cloudy,partly-cloudy-night,UUOB
kharkiv,2024-06-16T00:00:00,19.3,19.3,17.4,88.31,0,0,,0,0,32.4,10.9,59,1008.4,40.8,10,0,0,0,,Partially cloudy,partly-cloudy-night,"UUOB,34300099999"
kharkiv,2024-06-16T01:00:00,19,19,18,93.93,0,0,,0,0,36.7,18,30,1009,88,9,0,0,0,,Partially cloudy,partly-cloudy-night,UUOB
kharkiv,2024-06-16T02:00:00,18,18,17,93.88,0,0,,0,0,39.2,14.4,40,1009,88,9,0,0,0,,Partially cloudy,partly-cloudy-night,UUOB
kharkiv,2024-06-16T03:00:00,17,17,16,93.84,0,0,,0,0,39.2,18,30,1009,80.7,10,0,0,0,,Partially cloudy,partly-cloudy-night,UUOB
kharkiv,2024-06-16T04:00:00,17,17,16,93.84,0,0,,0,0,37.1,18,30,1009,87.9,10,0,0,0,,Partially cloudy,partly-cloudy-night,UUOB
kharkiv,2024-06-16T05:00:00,17,17,16,93.84,0,0,,0,0,35.3,14.4,30,1009,96,10,4.1,0,0,,Overcast,cloudy,UUOB
kharkiv,2024-06-16T06:00:00,18.8,18.8,16.8,88.17,0,0,,0,0,33.8,7.4,50,1008.1,90,10,42.9,0.2,0,,Partially cloudy,partly-cloudy-day,"UUOB,34300099999"
kharkiv,2024-06-16T07:00:00,19,19,17,88.18,0,0,,0,0,31.7,18,50,1009,93.8,10,128.9,0.5,1,,Overcast,cloudy,UUOB
kharkiv,2024-06-16T08:00:00,19,19,17,88.18,0,0,,0,0,32.8,18,40,1009,50,10,226.2,0.8,2,,Partially cloudy,partly-cloudy-day,UUOB
kharkiv,2024-06-16T09:00:00,19.3,19.3,17.3,88.31,0.5,100,rain,0,0,34.6,10.9,31,1008.4,99.8,10,328.4,1.2,3,,"Rain, Overcast",rain,"UUOB,34300099999"
kharkiv,2024-06-16T10:00:00,19,19,18,93.93,0,0,,0,0,38.5,14.4,60,1009,88,7,381.2,1.4,4,,Partially cloudy,partly-cloudy-day,UUOB
kharkiv,2024-06-16T11:00:00,19,19,18,93.93,0,0,,0,0,39.6,14.4,60,1009,88,9,476.1,1.7,5,,Partially cloudy,partly-cloudy-day,UUOB
kharkiv,2024-06-16T12:00:00,22.1,22.1,18.6,80.12,0,0,,0,0,40.7,7.3,40,1007.7,80.1,10,469.9,1.7,5,,Partially cloudy,partly-cloudy-day,"UUOB,34300099999"
kharkiv,2024-06-16T13:00:00,23,23,19,78.2,0,0,,0,0,42.8,10.8,20,1008,88,9,521.6,1.9,5,,Partially cloudy,partly-cloudy-day,UUOB
kharkiv,2024-06-16T14:00:00,25,25,18,65.13,0,0,,0,0,42.8,18,60,1007,50,10,460.4,1.7,5,,Partially cloudy,partly-cloudy-day,UUOB
kharkiv,2024-06-16T15:00:00,25,25,18,65.13,0,0,,0,0,41,14.4,70,1007,96.7,10,495.9,1.8,5,,Overcast,cloudy,UUOB
kharkiv,2024-06-16T16:00:00,19,19,19,100,0,0,,0,0,39.6,21.6,170,1007,88,2,296.1,1.1,3,,Partially cloudy,partly-cloudy-day,UUOB
kharkiv,2024-06-16T17:00:00,20,20,20,100,0,0,,0,0,32,3.6,280,1007,88,9,191.5,0.7,2,,Partially cloudy,partly-cloudy-day,UUOB
kharkiv,2024-06-16T18:00:00,24.8,24.8,17.4,63.38,0,0,,0,0,26.6,14.3,110,1005.8,80,10,236.3,0.9,2,,Partially cloudy,partly-cloudy-day,"UUOB,34300099999"
kharkiv,2024-06-16T19:00:00,23,23,19,78.2,0,0,,0,0,27,3.6,90,1007,45.9,10,165.6,0.6,2,,Partially cloudy,partly-cloudy-day,UUOB
kharkiv,2024-06-16T20:00:00,21,21,20,94.02,0,0,,0,0,24.5,14.4,40,1007,88,3,67.8,0.2,1,,Partially cloudy,partly-cloudy-day,UUOB
kharkiv,2024-06-16T21:00:00,21,21,17.7,81.22,5,100,rain,0,0,19.4,7.2,41,1006.7,60.5,10,7.2,0,0,,"Rain, Partially cloudy",rain,"UUOB,34300099999"
kharkiv,2024-06-16T22:00:00,19,19,19,100,0,0,,0,0,16.6,7.2,90,1007,38.6,9,0,0,0,,Partially cloudy,partly-cloudy-night,UUOB
kharkiv,2024-06-16T23:00:00,19,19,19,100,0,0,,0,0,18.4,10.8,90,1007,88,7,0,0,0,,Partially cloudy,partly-cloudy-night,UUOB
kharkiv,2024-06-17T00:00:00,19.1,19.1,17.7,91.17,0,0,,0,0,18.7,0.1,60,1006.7,80,10,0,0,0,,Partially cloudy,partly-cloudy-night,"UUOB,34300099999"
kharkiv,2024-06-17T01:00:00,18,18,18,100,0,0,,0,0,18.4,7.2,120,1007,34,8,0,0,0,,Partially cloudy,partly-cloudy-night,UUOB
kharkiv,2024-06-17T02:00:00,18,18,18,100,0,0,,0,0,18,10.8,110,1007,88,8,0,0,0,,Partially cloudy,partly-cloudy-night,UUOB
kharkiv,2024-06-17T03:00:00,18,18,18,100,0,0,,0,0,18,7.2,110,1007,88,5,0,0,0,,Partially cloudy,partly-cloudy-night,UUOB
kharkiv,2024-06-17T04:00:00,19,19,19,100,0,0,,0,0,18,10.8,130,1008,88,5,0,0,0,,Partially cloudy,partly-cloudy-night,UUOB
kharkiv,2024-06-17T05:00:00,18,18,18,100,0,0,,0,0,20.2,10.8,140,1008,88,5,3.5,0,0,,Partially cloudy,partly-cloudy-day,UUOB
kharkiv,2024-06-17T06:00:00,19.1,19.1,17.7,91.17,0,0,,0,0,20.5,3.8,42,1007.7,99.8,9.9,39,0.1,0,,Overcast,cloudy,"UUOB,34300099999"
kharkiv,2024-06-17T07:00:00,18,18,18,100,0,0,,0,0,26.3,18,150,1008,88,7,72.7,0.3,1,,Partially cloudy,partly-cloudy-day,UUOB
kharkiv,2024-06-17T08:00:00,19,19,18,93.93,0,0,,0,0,25.2,18,140,1008,88,7,105.6,0.4,1,,Partially cloudy,partly-cloudy-day,UUOB
kharkiv,2024-06-17T09:00:00,19.6,19.6,18.1,91.11,3,100,rain,0,0,25.2,10.9,199,1008.8,90,9.9,200.5,0.7,2,,"Rain, Partially cloudy",rain,"UUOB,34300099999"
kharkiv,2024-06-17T10:00:00,20,20,18,88.27,0,0,,0,0,25.9,14.4,160,1008,88,10,186,0.7,2,,Partially cloudy,partly-cloudy-day,UUOB
kharkiv,2024-06-17T11:00:00,21,21,19,88.35,0,0,,0,0,25.9,14.4,170,1008,88,9,192.4,0.7,2,,Partially cloudy,partly-cloudy-day,UUOB
kharkiv,2024-06-17T12:00:00,22.9,22.9,18.8,78.11,0,0,,0,0,27.4,14.5,190,1008.9,90,10,295.8,1.1,3,,Partially cloudy,partly-cloudy-day,"UUOB,34300099999"
kharkiv,2024-06-17T13:00:00,21,21,20,94.02,0,0,,0,0,33.5,18,210,1009,88,10,339.3,1.2,3,,Partially cloudy,partly-cloudy-day,UUOB
kharkiv,2024-06-17T14:00:00,21,21,20,94.02,0,0,,0,0,32.8,18,170,1009,88,10,222.4,0.8,2,,Partially cloudy,partly-cloudy-day,UUOB
kharkiv,2024-06-17T15:00:00,21,21,20,94.02,0,0,,0,0,39.2,14.4,210,1009,88,10,401.2,1.4,4,,Partially cloudy,partly-cloudy-day,UUOB
kharkiv,2024-06-17T16:00:00,22,22,20,88.43,0,0,,0,0,40,21.6,220,1009,88,10,376.7,1.4,4,,Partially cloudy,partly-cloudy-day,UUOB
kharkiv,2024-06-17T17:00:00,22,22,18,78.06,0,0,,0,0,39.2,18,210,1009,88,10,296.2,1.1,3,,Partially cloudy,partly-cloudy-day,UUOB
kharkiv,2024-06-17T18:00:00,24.8,24.8,17.2,62.47,0,0,,0,0,30.6,18,240,1010,90,10,248.6,0.9,2,,Partially cloudy,partly-cloudy-day,"UUOB,34300099999"
kharkiv,2024-06-17T19:00:00,21,21,19,88.35,0,0,,0,0,28.4,7.2,240,1010,88,10,174.1,0.6,2,,Partially cloudy,partly-cloudy-day,UUOB
kharkiv,2024-06-17T20:00:00,22,22,19,83.1,0,0,,0,0,23.8,14.4,210,1010,77.3,10,46.7,0.2,0,,Partially cloudy,partly-cloudy-day,UUOB
kharkiv,2024-06-17T21:00:00,21.6,21.6,17.2,75.71,3,100,rain,0,0,21.2,3.8,318,1011.8,80,10,6.2,0,0,,"Rain, Partially cloudy",rain,"UUOB,34300099999"
kharkiv,2024-06-17T22:00:00,20,20,19,93.97,0,0,,0,0,20.5,14.4,210,1011,85.1,10,0,0,0,,Partially cloudy,partly-cloudy-night,UUOB
kharkiv,2024-06-17T23:00:00,19,19,18,93.93,0,0,,0,0,20.9,14.4,210,1011,80.8,10,0,0,0,,Partially cloudy,partly-cloudy-night,UUOB
kharkiv,2024-06-18T00:00:00,20.3,20.3,16.7,79.54,0,0,,0,0,20.2,3.7,230,1012.3,80,10,0,0,0,,Partially cloudy,partly-cloudy-night,"UUOB,34300099999"
kharkiv,2024-06-18T01:00:00,19,19,18,93.93,0,0,,0,0,19.4,10.8,210,1012,92.7,6,0,0,0,,Overcast,cloudy,UUOB
kharkiv,2024-06-18T02:00:00,19,19,18,93.93,0,0,,0,0,18.4,10.8,240,1012,88,7,0,0,0,,Partially cloudy,partly-cloudy-night,UUOB
kharkiv,2024-06-18T03:00:00,19.6,19.6,16.7,83.09,0,0,,0,0,18.4,7.3,240,1013.1,60,10,0,0,0,,Partially cloudy,partly-cloudy-night,"UUOB,34300099999"
kharkiv,2024-06-18T04:00:00,18,18,17,93.88,0,0,,0,0,18.4,14.4,220,1012,92.8,10,0,0,0,,Overcast,cloudy,UUOB
kharkiv,2024-06-18T05:00:00,18,18,17,93.88,0,0,,0,0,18,14.4,220,1013,91.8,10,5,0,0,,Overcast,cloudy,UUOB
kharkiv,2024-06-18T06:00:00,19.3,19.3,16.6,84.01,0,0,,0,0,18.7,0.2,230,1013.9,80,10,64.5,0.2,1,,Partially cloudy,partly-cloudy-day,"UUOB,34300099999"
kharkiv,2024-06-18T07:00:00,19,19,17,88.18,0,0,,0,0,20.5,14.4,230,1013,89.3,10,181.4,0.7,2,,Partially cloudy,partly-cloudy-day,UUOB
kharkiv,2024-06-18T08:00:00,20,20,18,88.27,0,0,,0,0,23.4,14.4,220,1014,86.7,10,330,1.2,3,,Partially cloudy,partly-cloudy-day,UUOB
kharkiv,2024-06-18T09:00:00,23.8,23.8,17.3,67.09,0,0,,0,0,28.4,10.9,220,1014.7,80,10,457.9,1.6,5,,Partially cloudy,partly-cloudy-day,"UUOB,34300099999"
kharkiv,2024-06-18T10:00:00,23,23,17,68.96,0,0,,0,0,37.4,18,250,1014,93.9,10,539.1,1.9,5,,Overcast,cloudy,UUOB
kharkiv,2024-06-18T11:00:00,24,24,17,64.92,0,0,,0,0,37.1,25.2,270,1015,93.3,10,655.6,2.4,7,,Overcast,cloudy,UUOB
kharkiv,2024-06-18T12:00:00,26.8,27.4,16.4,52.73,0,0,,0,0,37.1,22.3,250,1015.3,60,10,744.4,2.7,7,,Partially cloudy,partly-cloudy-day,"UUOB,34300099999"
kharkiv,2024-06-18T13:00:00,26,26,15,50.71,0,0,,0,0,36.7,25.2,260,1015,91.1,10,750.1,2.7,8,,Overcast,cloudy,UUOB
kharkiv,2024-06-18T14:00:00,26,26,17,57.62,0.1,100,rain,0,0,35.6,21.6,270,1015,85.6,10,750.8,2.7,8,,"Rain, Partially cloudy",rain,UUOB
kharkiv,2024-06-18T15:00:00,27.6,27.6,14.4,44.25,0,0,,0,0,34.9,18.1,260,1015.3,60,10,642.3,2.3,6,,Partially cloudy,partly-cloudy-day,"UUOB,34300099999"
kharkiv,2024-06-18T16:00:00,27,27.2,15,47.81,0.5,100,rain,0,0,34.6,18,250,1015,64.7,10,536.3,1.9,5,,"Rain, Partially cloudy",rain,UUOB
kharkiv,2024-06-18T17:00:00,26,26,17,57.62,0,0,,0,0,33.1,18,280,1015,57.8,10,389.4,1.4,4,,Partially cloudy,partly-cloudy-day,UUOB
kharkiv,2024-06-18T18:00:00,28.3,27.9,13.4,39.84,0,0,,0,0,33.1,18.1,270,1015.7,30,10,309.3,1.1,3,,Partially cloudy,partly-cloudy-day,"UUOB,34300099999"
kharkiv,2024-06-18T19:00:00,26,26,16,54.07,0,0,,0,0,23,18,270,1016,42.5,10,135.7,0.5,1,,Partially cloudy,partly-cloudy-day,UUOB
kharkiv,2024-06-18T20:00:00,24,24,16,60.92,0,0,,0,0,18.7,14.4,280,1016,29.7,10,69.4,0.2,1,,Partially cloudy,partly-cloudy-day,UUOB
kharkiv,2024-06-18T21:00:00,24.8,24.8,14.4,52.33,0,0,,0,0,17.6,0.2,270,1016.6,22.3,10,9.2,0,0,,Partially cloudy,partly-cloudy-night,"UUOB,34300099999"
kharkiv,2024-06-18T22:00:00,22,22,16,68.76,0,0,,0,0,14,10.8,260,1017,13.6,10,0,0,0,,Clear,clear-night,UUOB
kharkiv,2024-06-18T23:00:00,21,21,16,73.11,0,0,,0,0,13.7,10.8,260,1017,5.3,10,0,0,0,,Clear,clear-night,UUOB
kharkiv,2024-06-19T00:00:00,20.5,20.5,14.7,69.07,0,0,,0,0,13.3,0.2,250,1017.9,1.2,10,0,0,0,,Clear,clear-night,"UUOB,34300099999"
kharkiv,2024-06-19T01:00:00,19,19,16,82.75,0,0,,0,0,13.7,10.8,260,1018,0,10,0,0,0,,Clear,clear-night,UUOB
kharkiv,2024-06-19T02:00:00,19,19,16,82.75,0,0,,0,0,13.7,10.8,260,1018,0,10,0,0,0,,Clear,clear-night,UUOB
kharkiv,2024-06-19T03:00:00,18.1,18.1,15.2,82.74,0,0,,0,0,13.3,0.2,260,1018.5,0.4,10,0,0,0,,Clear,clear-night,"UUOB,34300099999"
kharkiv,2024-06-19T04:00:00,18,18,16,88.1,0,0,,0,0,11.5,7.2,250,1018,0.6,10,0,0,0,,Clear,clear-night,UUOB
kharkiv,2024-06-19T05:00:00,18,18,16,88.1,0,0,,0,0,11.2,7.2,250,1018,0.4,10,5.6,0,0,,Clear,clear-day,UUOB
kharkiv,2024-06-19T06:00:00,17.9,17.9,15.6,86.35,0,0,,0,0,13.7,0.1,240,1019.5,0,10,74.5,0.3,1,,Clear,clear-day,"UUOB,34300099999"
kharkiv,2024-06-19T07:00:00,20,20,17,82.87,0,0,,0,0,14.8,7.2,230,1019,1.7,10,202.1,0.7,2,,Clear,clear-day,UUOB
kharkiv,2024-06-19T08:00:00,22,22,17,73.28,0,0,,0,0,14.8,7.2,230,1019,3,10,355.2,1.3,4,,Clear,clear-day,UUOB
kharkiv,2024-06-19T09:00:00,24.8,24.8,16.1,58.2,0,0,,0,0,15.5,3.7,348,1019.6,30,10,509.1,1.8,5,,Partially cloudy,partly-cloudy-day,"UUOB,34300099999"
kharkiv,2024-06-19T10:00:00,26,26,16,54.07,0,0,,0,0,16.9,14.4,270,1020,5.7,10,646.4,2.3,6,,Clear,clear-day,UUOB
kharkiv,2024-06-19T11:00:00,27,27.2,15,47.81,0,0,,0,0,19.1,18,230,1019,25.3,10,715.8,2.6,7,,Partially cloudy,partly-cloudy-day,UUOB
kharkiv,2024-06-19T12:00:00,28.3,27.8,12.7,38.05,0,0,,0,0,20.5,7.3,279,1019.3,40,10,707.1,2.5,7,,Partially cloudy,partly-cloudy-day,"UUOB,34300099999"
kharkiv,2024-06-19T13:00:00,29,28.8,15,42.54,0,0,,0,0,22,18,240,1019,32.5,10,702.3,2.5,7,,Partially cloudy,partly-cloudy-day,UUOB
kharkiv,2024-06-19T14:00:00,28,27.8,14,42.27,0,0,,0,0,22.7,18,250,1019,55,10,688.8,2.5,7,,Partially cloudy,partly-cloudy-day,UUOB
kharkiv,2024-06-19T15:00:00,30.6,29.5,12.1,32.1,0,0,,0,0,23.4,10.9,289,1018.5,40,10,646.9,2.3,6,,Partially cloudy,partly-cloudy-day,"UUOB,34300099999"
kharkiv,2024-06-19T16:00:00,29,28.5,14,39.88,0,0,,0,0,23.4,18,240,1018,91,10,592.7,2.1,6,,Overcast,cloudy,UUOB
kharkiv,2024-06-19T17:00:00,29,28.5,14,39.88,0,0,,0,0,22.7,18,240,1018,32.3,10,460.2,1.7,5,,Partially cloudy,partly-cloudy-day,UUOB
kharkiv,2024-06-19T18:00:00,29.8,28.9,12.4,34.24,0,0,,0,0,20.5,7.4,279,1017.4,40,10,368.2,1.3,4,,Partially cloudy,partly-cloudy-day,"UUOB,34300099999"
kharkiv,2024-06-19T19:00:00,28,28,15,45.09,0,0,,0,0,16.9,14.4,230,1017,12.8,10,200,0.7,2,,Clear,clear-day,UUOB
kharkiv,2024-06-19T20:00:00,26,26,16,54.07,0,0,,0,0,7.6,10.8,220,1017,10,10,94.4,0.3,1,,Clear,clear-day,UUOB
kharkiv,2024-06-19T21:00:00,25.3,25.3,13.9,49.08,0,0,,0,0,6.8,0.1,240,1016.9,46.7,10,12.8,0,0,,Partially cloudy,partly-cloudy-night,"UUOB,34300099999"
kharkiv,2024-06-19T22:00:00,24,24,16,60.92,0,0,,0,0,6.5,7.2,200,1017,77.4,10,0,0,0,,Partially cloudy,partly-cloudy-night,UUOB
kharkiv,2024-06-19T23:00:00,24,24,16,60.92,0,0,,0,0,7.6,7.2,210,1017,60.5,10,0,0,0,,Partially cloudy,partly-cloudy-night,UUOB
kharkiv,2024-06-20T00:00:00,21.9,21.9,14.9,64.48,0,0,,0,0,9.7,0.1,210,1016.8,30,10,0,0,0,,Partially cloudy,partly-cloudy-night,"UUOB,34300099999"
kharkiv,2024-06-20T01:00:00,22,22,16,68.76,0,0,,0,0,11.9,7.2,190,1016,63.8,10,0,0,0,,Partially cloudy,partly-cloudy-night,UUOB
kharkiv,2024-06-20T02:00:00,22,22,15,64.49,0,0,,0,0,11.9,10.8,190,1016,59.8,10,0,0,0,,Partially cloudy,partly-cloudy-night,UUOB
kharkiv,2024-06-20T03:00:00,19.6,19.6,15.3,76.56,0,0,,0,0,12.2,0.2,190,1015.9,40,10,0,0,0,,Partially cloudy,partly-cloudy-night,"UUOB,34300099999"
kharkiv,2024-06-20T04:00:00,20,20,15,72.93,0,0,,0,0,12.6,10.8,190,1015,46.9,10,0,0,0,,Partially cloudy,partly-cloudy-night,UUOB
kharkiv,2024-06-20T05:00:00,20,20,15,72.93,0,0,,0,0,13.7,10.8,190,1014,0,10,5.5,0,0,,Clear,clear-day,UUOB
kharkiv,2024-06-20T06:00:00,19.7,19.7,15.2,75.22,0,0,,0,0,16.6,0.2,190,1014.6,30,10,74.2,0.3,1,,Partially cloudy,partly-cloudy-day,"UUOB,34300099999"
kharkiv,2024-06-20T07:00:00,22,22,16,68.76,0,0,,0,0,20.5,14.4,180,1013,0.6,10,201.7,0.7,2,,Clear,clear-day,UUOB
kharkiv,2024-06-20T08:00:00,25,25,16,57.38,0,0,,0,0,24.5,14.4,180,1012,0,10,355.8,1.3,4,,Clear,clear-day,UUOB
kharkiv,2024-06-20T09:00:00,26.8,27.3,15.6,50.05,0,0,,0,0,29.5,14.5,200,1011.7,30,10,511.7,1.8,5,,Partially cloudy,partly-cloudy-day,"UUOB,34300099999"
kharkiv,2024-06-20T10:00:00,28,28.5,17,51.23,0,0,,0,0,38.9,25.2,200,1010,11.4,10,650.6,2.3,7,,Clear,clear-day,UUOB
kharkiv,2024-06-20T11:00:00,29,28.8,15,42.54,0,0,,0,0,48.2,36,220,1010,6.8,10,720.6,2.6,7,,Clear,clear-day,UUOB
kharkiv,2024-06-20T12:00:00,30.3,29.4,12.9,34.37,0,0,,0,0,52.2,28.9,210,1009,30,10,755,2.7,8,,Partially cloudy,partly-cloudy-day,"UUOB,34300099999"
kharkiv,2024-06-20T13:00:00,30,29.6,15,40.16,0,0,,0,0,54,36,210,1007,42.6,10,611.3,2.2,6,,Partially cloudy,partly-cloudy-day,UUOB
kharkiv,2024-06-20T14:00:00,29,28.8,15,42.54,0,0,,0,0,61.2,43.2,220,1006,88,10,649.6,2.3,6,,Partially cloudy,partly-cloudy-day,UUOB
kharkiv,2024-06-20T15:00:00,20,20,19,93.97,0,0,,0,0,59.4,21.6,260,1008,88,3,319.3,1.1,3,,Partially cloudy,partly-cloudy-day,UUOB
kharkiv,2024-06-20T16:00:00,17,17,16,93.84,0,0,,0,0,57.6,36,280,1010,88,6,195.4,0.7,2,,Partially cloudy,partly-cloudy-day,UUOB
kharkiv,2024-06-20T17:00:00,17,17,15,88.01,0,0,,0,0,47.9,36,290,1010,88,6,211.8,0.8,2,,Partially cloudy,partly-cloudy-day,UUOB
kharkiv,2024-06-20T18:00:00,17.3,17.3,15.1,86.66,0,0,,0,0,47.9,11.2,271,1011.6,100,10,260.1,0.9,3,,Overcast,cloudy,"UUOB,34300099999"
kharkiv,2024-06-20T19:00:00,17,17,11,67.76,0,0,,0,0,51.5,28.8,310,1011,28.8,9,170.8,0.6,2,,Partially cloudy,partly-cloudy-day,UUOB
kharkiv,2024-06-20T20:00:00,17,17,9,59.27,0,0,,0,0,49.3,25.2,300,1011,31,9,82.3,0.3,1,,Partially cloudy,partly-cloudy-day,UUOB
kharkiv,2024-06-20T21:00:00,17.1,17.1,10.5,65.19,3,100,rain,0,0,45.7,14.6,270,1013.3,30,10,12,0,0,,"Rain, Partially cloudy",rain,"UUOB,34300099999"
kharkiv,2024-06-20T22:00:00,14,14,10,76.83,0,0,,0,0,37.8,25.2,290,1012,0,10,0,0,0,,Clear,clear-night,UUOB
kharkiv,2024-06-20T23:00:00,13,13,10,82,0,0,,0,0,35.3,21.6,290,1013,4.7,10,0,0,0,,Clear,clear-night,UUOB
kharkiv,2024-06-21T00:00:00,14.6,14.6,9.4,70.79,0,0,,0,0,35.6,11,270,1015,2.3,10,0,0,0,,Clear,clear-night,"UUOB,34300099999"
kharkiv,2024-06-21T01:00:00,13,13,11,87.65,0,0,,0,0,35.3,18,270,1013,14.9,10,0,0,0,,Clear,clear-night,UUOB
kharkiv,2024-06-21T02:00:00,13,13,11,87.65,0,0,,0,0,34.2,21.6,280,1013,17.1,10,0,0,0,,Clear,clear-night,UUOB
kharkiv,2024-06-21T03:00:00,14.5,14.5,9.9,73.63,0,0,,0,0,33.1,14.6,261,1015.3,10,10,0,0,0,,Clear,clear-night,"UUOB,34300099999"
kharkiv,2024-06-21T04:00:00,12,12,11,93.6,0,0,,0,0,35.6,18,280,1014,6.4,10,0,0,0,,Clear,clear-night,UUOB
kharkiv,2024-06-21T05:00:00,12,12,11,93.6,0,0,,0,0,36.4,21.6,280,1014,3.8,10,5.5,0,0,,Clear,clear-day,UUOB
kharkiv,2024-06-21T06:00:00,14.5,14.5,10.2,75.02,0,0,,0,0,36,11,270,1015.7,1.8,10,75,0.3,1,,Clear,clear-day,"UUOB,34300099999"
kharkiv,2024-06-21T07:00:00,15,15,11,76.99,0,0,,0,0,36,25.2,300,1014,2.3,10,201.7,0.7,2,,Clear,clear-day,UUOB
kharkiv,2024-06-21T08:00:00,17,17,12,72.39,0,0,,0,0,42.5,25.2,290,1014,0,10,362,1.3,4,,Clear,clear-day,UUOB
kharkiv,2024-06-21T09:00:00,19,19,10.7,58.29,0,0,,0,0,45.7,14.6,270,1015.5,17.9,10,520.3,1.9,5,,Clear,clear-day,"UUOB,34300099999"
kharkiv,2024-06-21T10:00:00,20,20,10,52.53,0,0,,0,0,54,36,310,1014,35.6,10,626.6,2.3,6,,Partially cloudy,partly-cloudy-day,UUOB
kharkiv,2024-06-21T11:00:00,20,20,9,49.11,0,0,,0,0,57.6,39.6,310,1014,30.4,10,705.5,2.5,7,,Partially cloudy,partly-cloudy-day,UUOB
kharkiv,2024-06-21T12:00:00,22.1,22.1,8.1,40.51,0,0,,0,0,54,14.8,280,1015,40,10,809.3,2.9,8,,Partially cloudy,partly-cloudy-day,"UUOB,34300099999"
kharkiv,2024-06-21T13:00:00,22,22,10,46.45,0,0,,0,0,54,36,300,1014,1,10,856.9,3.1,9,,Clear,clear-day,UUOB
kharkiv,2024-06-21T14:00:00,23,23,10,43.71,0,0,,0,0,54.4,32.4,290,1013,0,10,856.9,3.1,9,,Clear,clear-day,UUOB
kharkiv,2024-06-21T15:00:00,24.3,24.3,9.2,38.13,0,0,,0,0,53.3,25.4,281,1014.1,60,10,795.1,2.9,8,,Partially cloudy,partly-cloudy-day,"UUOB,34300099999"
kharkiv,2024-06-21T16:00:00,24,24,12,47,0,0,,0,0,50.4,32.4,300,1013,33.8,10,695.1,2.5,7,,Partially cloudy,partly-cloudy-day,UUOB
kharkiv,2024-06-21T17:00:00,23,23,11,46.73,0,0,,0,0,51.1,32.4,290,1013,59.5,10,566,2,6,,Partially cloudy,partly-cloudy-day,UUOB
kharkiv,2024-06-21T18:00:00,23.8,23.8,10.2,42.08,0,0,,0,0,48.2,18.2,270,1013.3,60,10,407.7,1.5,4,,Partially cloudy,partly-cloudy-day,"UUOB,34300099999"
kharkiv,2024-06-21T19:00:00,22,22,12,53.05,0,0,,0,0,45.4,28.8,300,1013,50,10,206.6,0.7,2,,Partially cloudy,partly-cloudy-day,UUOB
kharkiv,2024-06-21T20:00:00,21,21,12,56.4,0,0,,0,0,39.6,21.6,290,1012,0,10,78.4,0.3,1,,Clear,clear-day,UUOB
kharkiv,2024-06-21T21:00:00,21.5,21.5,10.9,50.74,0,0,,0,0,33.5,14.4,270,1013.1,8.3,10,10.8,0,0,,Clear,clear-night,"UUOB,34300099999"
kharkiv,2024-06-21T22:00:00,18,18,12,67.96,0,0,,0,0,24.8,14.4,270,1012,33,10,0,0,0,,Partially cloudy,partly-cloudy-night,UUOB
kharkiv,2024-06-21T23:00:00,17,17,12,72.39,0,0,,0,0,24.1,14.4,280,1012,5.6,10,0,0,0,,Clear,clear-night,UUOB
kharkiv,2024-06-22T00:00:00,18.8,18.8,11.4,61.91,0,0,,0,0,23.4,7.4,261,1012.7,2.1,10,0,0,0,,Clear,clear-night,"UUOB,34300099999"
kharkiv,2024-06-22T01:00:00,16,16,11,72.21,0,0,,0,0,22,18,310,1012,23.3,10,0,0,0,,Partially cloudy,partly-cloudy-night,UUOB
kharkiv,2024-06-22T02:00:00,15,15,11,76.99,0,0,,0,0,19.8,10.8,290,1012,44.3,10,0,0,0,,Partially cloudy,partly-cloudy-night,UUOB
kharkiv,2024-06-22T03:00:00,16.3,16.3,11,71.03,0,0,,0,0,19.4,3.7,270,1013.5,30,10,0,0,0,,Partially cloudy,partly-cloudy-night,"UUOB,34300099999"
kharkiv,2024-06-22T04:00:00,14,14,11,82.13,0,0,,0,0,19.4,14.4,270,1013,1.7,10,0,0,0,,Clear,clear-night,UUOB
kharkiv,2024-06-22T05:00:00,14,14,11,82.13,0,0,,0,0,19.8,14.4,290,1013,0,10,5.4,0,0,,Clear,clear-day,UUOB
kharkiv,2024-06-22T06:00:00,15.5,15.5,11.1,75.1,0,0,,0,0,20.2,7.3,270,1013.4,0,10,75.8,0.3,1,,Clear,clear-day,"UUOB,34300099999"
kharkiv,2024-06-22T07:00:00,17,17,11,67.76,0,0,,0,0,22.7,18,310,1013,0,10,207.1,0.7,2,,Clear,clear-day,UUOB
kharkiv,2024-06-22T08:00:00,19,19,12,63.84,0,0,,0,0,24.1,10.8,340,1012,0,10,363.6,1.3,4,,Clear,clear-day,UUOB
kharkiv,2024-06-22T09:00:00,21.6,21.6,11.7,53.03,0,0,,0,0,23.8,7.3,261,1013.1,0,10,521.5,1.9,5,,Clear,clear-day,"UUOB,34300099999"
kharkiv,2024-06-22T10:00:00,22,22,11,49.65,0,0,,0,0,29.9,10.8,320,1012,0,10,660.9,2.4,7,,Clear,clear-day,UUOB
kharkiv,2024-06-22T11:00:00,23,23,11,46.73,0,0,,0,0,31.3,14.4,320,1012,12,10,773,2.8,8,,Clear,clear-day,UUOB
kharkiv,2024-06-22T12:00:00,24.6,24.6,9.1,37.3,0,0,,0,0,30.6,10.9,290,1012.1,33.7,10,849.7,3.1,8,,Partially cloudy,partly-cloudy-day,"UUOB,34300099999"
kharkiv,2024-06-22T13:00:00,25,25,11,41.43,0,0,,0,0,31.3,14.4,310,1012,17.3,10,894.1,3.2,9,,Clear,clear-day,UUOB
kharkiv,2024-06-22T14:00:00,25,25,11,41.43,0,0,,0,0,32,21.6,300,1011,0,10,852.1,3.1,9,,Clear,clear-day,UUOB
kharkiv,2024-06-22T15:00:00,26.8,26.4,9.2,32.99,0,0,,0,0,33.5,14.5,271,1011.2,40,10,783.4,2.8,8,,Partially cloudy,partly-cloudy-day,"UUOB,34300099999"
kharkiv,2024-06-22T16:00:00,25,25,13,47.27,0,0,,0,0,33.5,21.6,310,1011,0,10,663,2.4,7,,Clear,clear-day,UUOB
kharkiv,2024-06-22T17:00:00,25,25,12,44.27,0,0,,0,0,31.3,21.6,320,1011,15.6,10,532.1,1.9,5,,Clear,clear-day,UUOB
kharkiv,2024-06-22T18:00:00,27,26.5,8.9,31.97,0,0,,0,0,28.1,10.9,290,1010.5,47.4,10,400.3,1.4,4,,Partially cloudy,partly-cloudy-day,"UUOB,34300099999"
kharkiv,2024-06-22T19:00:00,24,24,11,43.99,0,0,,0,0,25.9,18,310,1011,31.7,10,238.8,0.9,2,,Partially cloudy,partly-cloudy-day,UUOB
kharkiv,2024-06-22T20:00:00,22,22,12,53.05,0,0,,0,0,18.4,14.4,310,1011,13,10,98.6,0.4,1,,Clear,clear-day,UUOB
kharkiv,2024-06-22T21:00:00,23,23,10.9,46.34,0,0,,0,0,11.5,0.2,300,1011.5,50,10,13,0,0,,Partially cloudy,partly-cloudy-night,"UUOB,34300099999"
kharkiv,2024-06-22T22:00:00,20,20,12,59.99,0,0,,0,0,12.6,10.8,310,1011,3.9,10,0,0,0,,Clear,clear-night,UUOB
kharkiv,2024-06-22T23:00:00,20,20,12,59.99,0,0,,0,0,11.2,3.6,310,1011,0.8,10,0,0,0,,Clear,clear-night,UUOB
kharkiv,2024-06-23T00:00:00,18.7,18.7,12.4,66.8,0,0,,0,0,11.2,0.1,250,1011.9,0,10,0,0,0,,Clear,clear-night,"UUOB,34300099999"
kharkiv,2024-06-23T01:00:00,18,18,13,72.57,0,0,,0,0,11.2,7.2,220,1011,3,10,0,0,0,,Clear,clear-night,UUOB
kharkiv,2024-06-23T02:00:00,18,18,13,72.57,0,0,,0,0,11.2,7.2,240,1011,17,10,0,0,0,,Clear,clear-night,UUOB
kharkiv,2024-06-23T03:00:00,16.9,16.9,13,78.2,0,0,,0,0,10.8,0.2,230,1011.2,80,10,0,0,0,,Partially cloudy,partly-cloudy-night,"UUOB,34300099999"
kharkiv,2024-06-23T04:00:00,18,18,13,72.57,0,0,,0,0,10.8,10.8,230,1011,32.8,10,0,0,0,,Partially cloudy,partly-cloudy-night,UUOB
kharkiv,2024-06-23T05:00:00,18,18,13,72.57,0,0,,0,0,10.8,7.2,230,1010,39,10,4.9,0,0,,Partially cloudy,partly-cloudy-day,UUOB
kharkiv,2024-06-23T06:00:00,18.1,18.1,12.9,71.22,0,0,,0,0,13.7,0.2,230,1011.1,100,10,67.9,0.2,1,,Overcast,cloudy,"UUOB,34300099999"
kharkiv,2024-06-23T07:00:00,20,20,14,68.37,0,0,,0,0,15.5,7.2,220,1011,85.8,10,184.7,0.7,2,,Partially cloudy,partly-cloudy-day,UUOB
kharkiv,2024-06-23T08:00:00,20,20,14,68.37,0,0,,0,0,17.3,14.4,230,1011,89.2,10,313.7,1.1,3,,Partially cloudy,partly-cloudy-day,UUOB
kharkiv,2024-06-23T09:00:00,22.8,22.8,13.7,56.39,0,0,,0,0,22,3.8,240,1011,80,10,452.3,1.6,5,,Partially cloudy,partly-cloudy-day,"UUOB,34300099999"
kharkiv,2024-06-23T10:00:00,23,23,15,60.69,0,0,,0,0,25.9,10.8,270,1010,72.6,10,513.9,1.9,5,,Partially cloudy,partly-cloudy-day,UUOB
kharkiv,2024-06-23T11:00:00,23,23,15,60.69,0,0,,0,0,26.6,10.8,240,1011,65.8,10,608,2.2,6,,Partially cloudy,partly-cloudy-day,UUOB
kharkiv,2024-06-23T12:00:00,27.1,27.1,13.2,42.22,0,0,,0,0,27,10.9,230,1010.2,80,10,761.4,2.7,8,,Partially cloudy,partly-cloudy-day,"UUOB,34300099999"
kharkiv,2024-06-23T13:00:00,25,25,15,53.82,0,0,,0,0,26.3,10.8,210,1010,10.7,10,820.7,3,8,,Clear,clear-day,UUOB
kharkiv,2024-06-23T14:00:00,26,26,14,47.54,0,0,,0,0,25.9,10.8,230,1010,4.7,10,800.6,2.9,8,,Clear,clear-day,UUOB
kharkiv,2024-06-23T15:00:00,29.3,28.7,13.2,37.19,0,0,,0,0,30.2,7.3,269,1008.4,40,10,779.6,2.8,8,,Partially cloudy,partly-cloudy-day,"UUOB,34300099999"
kharkiv,2024-06-23T16:00:00,27,27.4,16,50.97,0,0,,0,0,31.7,14.4,220,1009,2.4,10,665.7,2.4,7,,Clear,clear-day,UUOB
kharkiv,2024-06-23T17:00:00,27,27.4,16,50.97,0,0,,0,0,32.8,14.4,200,1008,44,10,521.6,1.9,5,,Partially cloudy,partly-cloudy-day,UUOB
kharkiv,2024-06-23T18:00:00,28.8,28.6,14.7,42.32,0,0,,0,0,33.1,10.9,240,1007.4,80.1,10,296.3,1.1,3,,Partially cloudy,partly-cloudy-day,"UUOB,34300099999"
kharkiv,2024-06-23T19:00:00,25,25,18,65.13,0.5,100,rain,0,0,33.1,7.2,270,1007,88,10,141.3,0.5,1,,"Rain, Partially cloudy",rain,UUOB
kharkiv,2024-06-23T20:00:00,24,24,20,78.35,0.3,100,rain,0,0,27.7,3.6,30,1007,77.1,10,22.6,0.1,0,,"Rain, Partially cloudy",rain,UUOB
kharkiv,2024-06-23T21:00:00,26.3,26.3,16.9,56.23,0,0,,0,0,19.8,7.2,221,1007.6,99.8,10,4.3,0,0,,Overcast,cloudy,"UUOB,34300099999"
kharkiv,2024-06-23T22:00:00,19,19,19,100,1.1,100,rain,0,0,21.2,25.2,240,1009,88,6,0,0,0,,"Rain, Partially cloudy",rain,UUOB
kharkiv,2024-06-23T23:00:00,19,19,19,100,1.4,100,rain,0,0,19.8,3.6,220,1007,88,10,0,0,0,,"Rain, Partially cloudy",rain,UUOB
kharkiv,2024-06-24T00:00:00,20.8,20.8,18.5,86.82,0,0,,0,0,22.7,0.2,220,1007.6,79.5,10,0,0,0,,Partially cloudy,partly-cloudy-night,"UUOB,34300099999"
kharkiv,2024-06-24T01:00:00,18,18,18,100,0,0,,0,0,27.4,21.6,270,1007,88,6,0,0,0,,Partially cloudy,partly-cloudy-night,UUOB
kharkiv,2024-06-24T02:00:00,18,18,17,93.88,0,0,,0,0,33.1,18,300,1007,88,10,0,0,0,,Partially cloudy,partly-cloudy-night,UUOB
kharkiv,2024-06-24T03:00:00,18,18,17,93.88,0,0,,0,0,32.8,10.8,250,1007,67.2,10,0,0,0,,Partially cloudy,partly-cloudy-night,UUOB
kharkiv,2024-06-24T04:00:00,18,18,17,93.88,0,0,,0,0,29.5,10.8,260,1008,50,9,0,0,0,,Partially cloudy,partly-cloudy-night,UUOB
kharkiv,2024-06-24T05:00:00,18,18,17,93.88,0,0,,0,0,27.4,10.8,250,1007,50,9,4.7,0,0,,Partially cloudy,partly-cloudy-day,UUOB
kharkiv,2024-06-24T06:00:00,19,19,17.1,88.83,0,0,,0,0,30.2,7.3,270,1008.5,50.6,10,66.4,0.2,1,,Partially cloudy,partly-cloudy-day,"UUOB,34300099999"
kharkiv,2024-06-24T07:00:00,18,18,18,100,0,0,,0,0,34.2,14.4,270,1007,88,9,183.7,0.7,2,,Partially cloudy,partly-cloudy-day,UUOB
kharkiv,2024-06-24T08:00:00,19,19,17,88.18,0,0,,0,0,40,18,270,1008,88,9,306.8,1.1,3,,Partially cloudy,partly-cloudy-day,UUOB
kharkiv,2024-06-24T09:00:00,21.8,21.8,17.1,74.88,7,100,rain,0,0,40.3,11,270,1008.4,40.8,10,367.1,1.3,4,,"Rain, Partially cloudy",rain,"UUOB,34300099999"
kharkiv,2024-06-24T10:00:00,20,20,17,82.87,0,0,,0,0,39.2,21.6,290,1008,88,9,403.3,1.5,4,,Partially cloudy,partly-cloudy-day,UUOB
kharkiv,2024-06-24T11:00:00,22,22,17,73.28,0,0,,0,0,41.4,28.8,300,1008,88,9,601.4,2.2,6,,Partially cloudy,partly-cloudy-day,UUOB
kharkiv,2024-06-24T12:00:00,25,25,15.7,56.1,0,0,,0,0,41.4,14.5,290,1008.8,80.1,10,590,2.1,6,,Partially cloudy,partly-cloudy-day,"UUOB,34300099999"
kharkiv,2024-06-24T13:00:00,24,24,16,60.92,0,0,,0,0,40,21.6,290,1008,88,9,543.1,2,5,,Partially cloudy,partly-cloudy-day,UUOB
kharkiv,2024-06-24T14:00:00,24,24,15,57.14,0,0,,0,0,39.6,21.6,280,1008,37.6,10,590.8,2.1,6,,Partially cloudy,partly-cloudy-day,UUOB
kharkiv,2024-06-24T15:00:00,24,24,13,50.19,0,0,,0,0,39.6,21.6,260,1008,88,10,602.8,2.2,6,,Partially cloudy,partly-cloudy-day,UUOB
kharkiv,2024-06-24T16:00:00,25,25,15,53.82,0,0,,0,0,38.9,25.2,290,1008,38.1,10,548.8,2,5,,Partially cloudy,partly-cloudy-day,UUOB
kharkiv,2024-06-24T17:00:00,23,23,14,56.89,0,0,,0,0,39.6,21.6,290,1008,88,10,471.1,1.7,5,,Partially cloudy,partly-cloudy-day,UUOB
kharkiv,2024-06-24T18:00:00,25.3,25.3,11.7,42.63,0,0,,0,0,40.3,11,270,1008.2,60,10,296.3,1.1,3,,Partially cloudy,partly-cloudy-day,"UUOB,34300099999"
kharkiv,2024-06-24T19:00:00,23,23,14,56.89,0,0,,0,0,39.6,25.2,290,1008,88,10,158.1,0.6,2,,Partially cloudy,partly-cloudy-day,UUOB
kharkiv,2024-06-24T20:00:00,21,21,14,64.28,0,0,,0,0,33.5,14.4,300,1008,88,10,66.5,0.2,1,,Partially cloudy,partly-cloudy-day,UUOB
kharkiv,2024-06-24T21:00:00,22.1,22.1,14,60.31,0,0,,0,0,31,14.5,271,1009.5,80.1,10,10.2,0,0,,Partially cloudy,partly-cloudy-night,"UUOB,34300099999"
kharkiv,2024-06-24T22:00:00,19,19,16,82.75,0,0,,0,0,29.5,10.8,340,1009,88,10,0,0,0,,Partially cloudy,partly-cloudy-night,UUOB
kharkiv,2024-06-24T23:00:00,17,17,16,93.84,0,0,,0,0,28.1,18,350,1009,88,10,0,0,0,,Partially cloudy,partly-cloudy-night,UUOB
kharkiv,2024-06-25T00:00:00,17.8,17.8,14.9,82.7,0,0,,0,0,25.9,0.2,360,1009.8,31,10,0,0,0,,Partially cloudy,partly-cloudy-night,"UUOB,34300099999"
kharkiv,2024-06-25T01:00:00,16,16,13,82.38,0,0,,0,0,27.4,21.6,350,1010,88,10,0,0,0,,Partially cloudy,partly-cloudy-night,UUOB
kharkiv,2024-06-25T02:00:00,16.3,16.3,14.3,87.95,0,0,,0,0,28.1,14.8,340.3,1010,90.8,,0,0,0,,Overcast,cloudy,remote
kharkiv,2024-06-25T03:00:00,16.4,16.4,14,85.71,0,0,,0,0,28.1,13.7,348.5,1010,65.5,,0,0,0,,Partially cloudy,partly-cloudy-night,remote
kharkiv,2024-06-25T04:00:00,14,14,12,87.74,0,0,,0,0,26.6,10.8,360,1011,88,10,0,0,0,,Partially cloudy,partly-cloudy-night,UUOB
kharkiv,2024-06-25T05:00:00,16.5,16.5,12.7,78.24,0,0,,0,0,25.2,13,351,1011,67.8,,3.7,0,0,,Partially cloudy,partly-cloudy-day,remote
kharkiv,2024-06-25T06:00:00,15.7,15.7,11.9,78.12,0,0,,0,0,25.6,7.2,310,1011.7,60,10,48.1,0.2,0,,Partially cloudy,partly-cloudy-day,34300099999
kharkiv,2024-06-25T07:00:00,16.2,16.2,12.8,80.28,0,0,,0,0,28.4,14,345,1012,34.5,,169.8,0.6,2,,Partially cloudy,partly-cloudy-day,remote
kharkiv,2024-06-25T08:00:00,17,17,13,77.3,0,0,,0,0,29.9,7.2,330,1012,21.1,10,317.2,1.1,3,,Partially cloudy,partly-cloudy-day,UUOB
kharkiv,2024-06-25T09:00:00,18.7,18.7,12.7,68.18,0.3,100,rain,0,0,34.9,7.3,301,1012.2,90,10,494.9,1.8,5,,"Rain, Partially cloudy",rain,"UUOB,34300099999"
kharkiv,2024-06-25T10:00:00,20,20,13,64.06,0,0,,0,0,34.2,10.8,340,1012,19.7,10,624.8,2.2,6,,Clear,clear-day,UUOB
kharkiv,2024-06-25T11:00:00,20,20,14,68.37,0,0,,0,0,34.9,14.4,340,1012,88,10,741.9,2.7,7,,Partially cloudy,partly-cloudy-day,UUOB
kharkiv,2024-06-25T12:00:00,18.1,18.1,12.8,71.43,0,0,,0,0,35.3,25.1,281,1013.3,99.8,4.1,706.5,2.5,7,,Overcast,cloudy,"UUOB,34300099999"
kharkiv,2024-06-25T13:00:00,22,22,13,56.65,0,0,,0,0,40,18,330,1012,88,10,641.5,2.3,6,,Partially cloudy,partly-cloudy-day,UUOB
kharkiv,2024-06-25T14:00:00,18,18,13,72.57,0,0,,0,0,41.8,18,320,1012,88,10,651.4,2.3,7,,Partially cloudy,partly-cloudy-day,UUOB
kharkiv,2024-06-25T15:00:00,18,18,13,72.57,0,0,,0,0,32.4,14.4,310,1012,88,8,490,1.8,5,,Partially cloudy,partly-cloudy-day,UUOB
kharkiv,2024-06-25T16:00:00,19,19,14,72.75,0,0,,0,0,38.2,14.4,10,1013,88,10,426.2,1.5,4,,Partially cloudy,partly-cloudy-day,UUOB
kharkiv,2024-06-25T17:00:00,20,20,12,59.99,0,0,,0,0,37.4,18,360,1013,58.4,10,336.6,1.2,3,,Partially cloudy,partly-cloudy-day,UUOB
kharkiv,2024-06-25T18:00:00,18.4,18.4,12.1,66.88,0,0,,0,0,40,11,282,1013.7,100,10,293.4,1.1,3,,Overcast,cloudy,"UUOB,34300099999"
kharkiv,2024-06-25T19:00:00,20,20,9,49.11,0,0,,0,0,37.4,18,360,1013,30.3,10,157.5,0.6,2,,Partially cloudy,partly-cloudy-day,UUOB
kharkiv,2024-06-25T20:00:00,19,19,9,52.27,0,0,,0,0,27.4,14.4,360,1014,23.7,10,78.3,0.3,1,,Partially cloudy,partly-cloudy-day,UUOB
kharkiv,2024-06-25T21:00:00,17.3,17.3,13.6,78.52,4,100,rain,0,0,24.1,0.2,350,1014.8,30,10,9.8,0,0,,"Rain, Partially cloudy",rain,"UUOB,34300099999"
kharkiv,2024-06-25T22:00:00,14,14,9,71.84,0,0,,0,0,18.7,10.8,330,1015,4.7,10,0,0,0,,Clear,clear-night,UUOB
kharkiv,2024-06-25T23:00:00,14,14,9,71.84,0,0,,0,0,18.4,14.4,310,1015,1.2,10,0,0,0,,Clear,clear-night,UUOB
kharkiv,2024-06-26T00:00:00,14.8,14.8,9.6,71.06,0,0,,0,0,18.4,7.3,310,1015.9,0.4,10,0,0,0,,Clear,clear-night,"UUOB,34300099999"
kharkiv,2024-06-26T01:00:00,14,14,9,71.84,0,0,,0,0,19.4,10.8,290,1015,0.4,10,0,0,0,,Clear,clear-night,UUOB
kharkiv,2024-06-26T02:00:00,14,14,9,71.84,0,0,,0,0,20.2,18,290,1015,1,10,0,0,0,,Clear,clear-night,UUOB
kharkiv,2024-06-26T03:00:00,12.9,12.9,9.1,78.11,0,0,,0,0,20.2,3.9,271,1016.1,40,10,0,0,0,,Partially cloudy,partly-cloudy-night,"UUOB,34300099999"
kharkiv,2024-06-26T04:00:00,13,13,9,76.67,0,0,,0,0,20.2,18,300,1015,4.6,10,0,0,0,,Clear,clear-night,UUOB
kharkiv,2024-06-26T05:00:00,13,13,9,76.67,0,0,,0,0,20.2,18,290,1015,80.7,10,4.9,0,0,,Partially cloudy,partly-cloudy-day,UUOB
kharkiv,2024-06-26T06:00:00,13.6,13.6,9.1,74.27,0,0,,0,0,22,7.3,280,1016.4,60,10,74.1,0.3,1,,Partially cloudy,partly-cloudy-day,"UUOB,34300099999"
kharkiv,2024-06-26T07:00:00,15,15,11,76.99,0,0,,0,0,24.1,14.4,280,1015,90.5,10,203.6,0.7,2,,Overcast,cloudy,UUOB
kharkiv,2024-06-26T08:00:00,16,16,12,77.15,0,0,,0,0,27.4,14.4,280,1015,92.6,10,357.1,1.3,4,,Overcast,cloudy,UUOB
kharkiv,2024-06-26T09:00:00,17.8,17.8,11.9,68.02,0,0,,0,0,29.5,7.3,270,1016,80,10,495.3,1.8,5,,Partially cloudy,partly-cloudy-day,"UUOB,34300099999"
kharkiv,2024-06-26T10:00:00,18,18,13,72.57,0,0,,0,0,39.2,14.4,260,1015,78.2,10,635.4,2.3,6,,Partially cloudy,partly-cloudy-day,UUOB
kharkiv,2024-06-26T11:00:00,21,21,13,60.22,0,0,,0,0,45,18,270,1014,78.8,10,632.3,2.3,6,,Partially cloudy,partly-cloudy-day,UUOB
kharkiv,2024-06-26T12:00:00,23,23,10.4,44.9,0,0,,0,0,46.1,14.5,271,1015,80.1,10,708.1,2.5,7,,Partially cloudy,partly-cloudy-day,"UUOB,34300099999"
kharkiv,2024-06-26T13:00:00,19,19,13,68.17,0,0,,0,0,45.4,18,290,1014,88,10,617.9,2.2,6,,Partially cloudy,partly-cloudy-day,UUOB
kharkiv,2024-06-26T14:00:00,18,18,14,77.46,0,0,,0,0,45.7,18,290,1014,89.1,10,330.8,1.2,3,,Partially cloudy,partly-cloudy-day,UUOB
kharkiv,2024-06-26T15:00:00,22.1,22.1,11.4,50.63,0,0,,0,0,43.2,14.5,270,1014.2,90,10,205,0.7,2,,Partially cloudy,partly-cloudy-day,"UUOB,34300099999"
kharkiv,2024-06-26T16:00:00,21,21,13,60.22,0,0,,0,0,46.8,28.8,290,1013,88,10,185.8,0.7,2,,Partially cloudy,partly-cloudy-day,UUOB
kharkiv,2024-06-26T17:00:00,21,21,13,60.22,0,0,,0,0,36.7,28.8,320,1012,88,10,120.6,0.4,1,,Partially cloudy,partly-cloudy-day,UUOB
kharkiv,2024-06-26T18:00:00,19.6,19.6,15.1,75.52,0,0,,0,0,38.2,3.9,281,1013.5,90,10,145.2,0.5,1,,Partially cloudy,partly-cloudy-day,"UUOB,34300099999"
kharkiv,2024-06-26T19:00:00,21,21,13,60.22,0,0,,0,0,38.2,25.2,320,1012,68.6,10,108,0.4,1,,Partially cloudy,partly-cloudy-day,UUOB
kharkiv,2024-06-26T20:00:00,20,20,13,64.06,0,0,,0,0,40.7,14.4,350,1012,38.5,10,36.5,0.1,0,,Partially cloudy,partly-cloudy-day,UUOB
kharkiv,2024-06-26T21:00:00,18.3,18.3,15.5,83.72,1,100,rain,0,0,31,0.2,340,1013.3,80,10,4.6,0,0,,"Rain, Partially cloudy",rain,"UUOB,34300099999"
kharkiv,2024-06-26T22:00:00,16,16,13,82.38,0,0,,0,0,16.6,7.2,330,1013,39.1,10,0,0,0,,Partially cloudy,partly-cloudy-night,UUOB
kharkiv,2024-06-26T23:00:00,16,16,13,82.38,0,0,,0,0,15.1,7.2,330,1013,24.2,10,0,0,0,,Partially cloudy,partly-cloudy-night,UUOB
kharkiv,2024-06-27T00:00:00,15,15,13,87.83,0,0,,0,0,16.6,10.8,300,1013,12,10,0,0,0,,Clear,clear-night,UUOB
kharkiv,2024-06-27T01:00:00,15,15,13,87.83,0,0,,0,0,17.3,10.8,280,1013,2.3,10,0,0,0,,Clear,clear-night,UUOB
kharkiv,2024-06-27T02:00:00,15,15,13,87.83,0,0,,0,0,17.6,14.4,310,1013,2.8,10,0,0,0,,Clear,clear-night,UUOB
kharkiv,2024-06-27T03:00:00,15.6,15.6,14.1,90.74,0,0,,0,0,17.6,0.2,300,1014.1,40,10,0,0,0,,Partially cloudy,partly-cloudy-night,"UUOB,34300099999"
kharkiv,2024-06-27T04:00:00,13,13,12,93.65,0,0,,0,0,16.9,7.2,340,1013,0,10,0,0,0,,Clear,clear-night,UUOB
kharkiv,2024-06-27T05:00:00,13,13,12,93.65,0,0,,0,0,15.8,3.6,280,1014,0.6,10,4.7,0,0,,Clear,clear-day,UUOB
kharkiv,2024-06-27T06:00:00,15.3,15.3,13.6,89.67,0,0,,0,0,18,3.7,340,1014.5,0,10,73.3,0.3,1,,Clear,clear-day,"UUOB,34300099999"
kharkiv,2024-06-27T07:00:00,15,15,13,87.83,0,0,,0,0,20.9,10.8,340,1014,0,10,203.2,0.7,2,,Clear,clear-day,UUOB
kharkiv,2024-06-27T08:00:00,18,18,13,72.57,0,0,,0,0,23.8,14.4,10,1015,0,10,359.8,1.3,4,,Clear,clear-day,UUOB
kharkiv,2024-06-27T09:00:00,20.3,20.3,13.1,63.33,0,0,,0,0,26.3,7.3,10,1014.6,0,10,516.1,1.9,5,,Clear,clear-day,"UUOB,34300099999"
kharkiv,2024-06-27T10:00:00,21,21,12,56.4,0,0,,0,0,27,14.4,20,1014,0.8,10,653.1,2.4,7,,Clear,clear-day,UUOB
kharkiv,2024-06-27T11:00:00,22,22,11,49.65,0,0,,0,0,30.2,18,20,1015,22.6,10,719.5,2.6,7,,Partially cloudy,partly-cloudy-day,UUOB
kharkiv,2024-06-27T12:00:00,23,23,10.4,44.71,0,0,,0,0,33.5,10.9,322,1014.2,59.8,10,746,2.7,7,,Partially cloudy,partly-cloudy-day,"UUOB,34300099999"
kharkiv,2024-06-27T13:00:00,23,23,11,46.73,0,0,,0,0,34.2,18,50,1015,43.6,10,699.8,2.5,7,,Partially cloudy,partly-cloudy-day,UUOB
kharkiv,2024-06-27T14:00:00,24,24,11,43.99,0,0,,0,0,34.2,14.4,40,1015,33.2,10,385.8,1.4,4,,Partially cloudy,partly-cloudy-day,UUOB
kharkiv,2024-06-27T15:00:00,24.3,24.3,8.9,37.46,0,0,,0,0,31.7,14.5,11,1014.5,60,10,536,1.9,5,,Partially cloudy,partly-cloudy-day,"UUOB,34300099999"
kharkiv,2024-06-27T16:00:00,24,24,11,43.99,0,0,,0,0,31.3,14.4,60,1015,26.8,10,465.4,1.7,5,,Partially cloudy,partly-cloudy-day,UUOB
kharkiv,2024-06-27T17:00:00,24,24,11,43.99,0,0,,0,0,31,14.4,50,1015,35.8,10,394.1,1.4,4,,Partially cloudy,partly-cloudy-day,UUOB
kharkiv,2024-06-27T18:00:00,24,24,11,43.99,0,0,,0,0,29.9,14.4,20,1015,26.6,10,254.5,0.9,3,,Partially cloudy,partly-cloudy-day,UUOB
kharkiv,2024-06-27T19:00:00,24,24,11,43.99,0,0,,0,0,26.3,14.4,10,1015,27.7,10,186,0.7,2,,Partially cloudy,partly-cloudy-day,UUOB
kharkiv,2024-06-27T20:00:00,22,22,11,49.65,0,0,,0,0,20.2,10.8,40,1015,23.2,10,96.3,0.3,1,,Partially cloudy,partly-cloudy-day,UUOB
kharkiv,2024-06-27T21:00:00,22.1,22.1,10.9,48.9,0,0,,0,0,14.4,0.1,10,1015,7,10,13.2,0,0,,Clear,clear-night,"UUOB,34300099999"
kharkiv,2024-06-27T22:00:00,20,20,11,56.15,0,0,,0,0,12.6,7.2,360,1015,11.3,10,0,0,0,,Clear,clear-night,UUOB
kharkiv,2024-06-27T23:00:00,19,19,11,59.75,0,0,,0,0,11.5,7.2,360,1016,15.2,10,0,0,0,,Clear,clear-night,UUOB
kharkiv,2024-06-28T00:00:00,17.7,17.7,11.3,66.52,0,0,,0,0,11.5,0.1,360,1016.2,10.8,10,0,0,0,,Clear,clear-night,"UUOB,34300099999"
kharkiv,2024-06-28T01:00:00,18,18,11,63.61,0,0,,0,0,11.9,10.8,340,1016,7.2,10,0,0,0,,Clear,clear-night,UUOB
kharkiv,2024-06-28T02:00:00,18,18,11,63.61,0,0,,0,0,13,10.8,340,1016,11,10,0,0,0,,Clear,clear-night,UUOB
kharkiv,2024-06-28T03:00:00,15.2,15.2,12.1,82.01,0,0,,0,0,13.3,0.2,340,1016.5,11.8,10,0,0,0,,Clear,clear-night,"UUOB,34300099999"
kharkiv,2024-06-28T04:00:00,16,16,12,77.15,0,0,,0,0,13.3,10.8,350,1016,10.3,10,0,0,0,,Clear,clear-night,UUOB
kharkiv,2024-06-28T05:00:00,16,16,12,77.15,0,0,,0,0,14,10.8,340,1016,33.8,10,4.1,0,0,,Partially cloudy,partly-cloudy-day,UUOB
kharkiv,2024-06-28T06:00:00,14.7,14.7,12.2,84.74,0,0,,0,0,16.6,0.1,350,1016.3,30,10,63,0.2,1,,Partially cloudy,partly-cloudy-day,"UUOB,34300099999"
kharkiv,2024-06-28T07:00:00,19,19,13,68.17,0,0,,0,0,18.7,10.8,10,1016,82.4,10,157.3,0.6,2,,Partially cloudy,partly-cloudy-day,UUOB
kharkiv,2024-06-28T08:00:00,21,21,14,64.28,0,0,,0,0,20.9,7.2,30,1016,58.7,10,302.9,1.1,3,,Partially cloudy,partly-cloudy-day,UUOB
kharkiv,2024-06-28T09:00:00,23,23,13.6,55.19,0,0,,0,0,21.2,7.3,312,1015.8,23.9,10,426.2,1.5,4,,Partially cloudy,partly-cloudy-day,"UUOB,34300099999"
kharkiv,2024-06-28T10:00:00,24,24,15,57.14,0,0,,0,0,23,10.8,40,1016,10.2,10,542.7,2,5,,Clear,clear-day,UUOB
kharkiv,2024-06-28T11:00:00,25,25,12,44.27,0,0,,0,0,28.1,14.4,20,1016,27.6,10,711.5,2.6,7,,Partially cloudy,partly-cloudy-day,UUOB
kharkiv,2024-06-28T12:00:00,26.6,26.6,11.6,39.07,0,0,,0,0,36,14.5,30,1015.3,60,10,617.9,2.2,6,,Partially cloudy,partly-cloudy-day,"UUOB,34300099999"
kharkiv,2024-06-28T13:00:00,25,25,13,47.27,0,0,,0,0,33.1,18,30,1016,14.9,10,772.9,2.8,8,,Clear,clear-day,UUOB
kharkiv,2024-06-28T14:00:00,26,26,12,41.71,0,0,,0,0,33.1,18,40,1016,34.4,10,577.7,2.1,6,,Partially cloudy,partly-cloudy-day,UUOB
kharkiv,2024-06-28T15:00:00,28.3,27.5,10.6,33.19,0,0,,0,0,30.6,14.5,20,1014.8,50,10,411.1,1.5,4,,Partially cloudy,partly-cloudy-day,"UUOB,34300099999"
kharkiv,2024-06-28T16:00:00,26,26,13,44.54,0,0,,0,0,26.6,18,30,1015,98.8,10,325.7,1.2,3,,Overcast,cloudy,UUOB
kharkiv,2024-06-28T17:00:00,26,26,13,44.54,0,0,,0,0,25.6,18,40,1015,94.6,10,236.5,0.9,2,,Overcast,cloudy,UUOB
kharkiv,2024-06-28T18:00:00,27.3,27,11.4,37.08,0,0,,0,0,22.7,10.9,20,1014.6,30,10,193.3,0.7,2,,Partially cloudy,partly-cloudy-day,"UUOB,34300099999"
kharkiv,2024-06-28T19:00:00,25,25,13,47.27,0,0,,0,0,19.1,14.4,50,1016,62.3,10,139.6,0.5,1,,Partially cloudy,partly-cloudy-day,UUOB
kharkiv,2024-06-28T20:00:00,23,23,14,56.89,0,0,,0,0,15.5,10.8,30,1016,88.3,10,86.6,0.3,1,,Partially cloudy,partly-cloudy-day,UUOB
kharkiv,2024-06-28T21:00:00,24.1,24.1,12.7,48.8,0,0,,0,0,11.9,3.7,30,1015.4,30,10,11.6,0,0,,Partially cloudy,partly-cloudy-night,"UUOB,34300099999"
kharkiv,2024-06-28T22:00:00,21,21,14,64.28,0,0,,0,0,12.6,7.2,20,1016,30.4,10,0,0,0,,Partially cloudy,partly-cloudy-night,UUOB
kharkiv,2024-06-28T23:00:00,19,19,14,72.75,0,0,,0,0,12.6,10.8,40,1016,0.8,10,0,0,0,,Clear,clear-night,UUOB
kharkiv,2024-06-29T00:00:00,20.6,20.6,13.2,62.32,0,0,,0,0,13,0.2,20,1016.1,0.6,10,0,0,0,,Clear,clear-night,"UUOB,34300099999"
kharkiv,2024-06-29T01:00:00,18,18,14,77.46,0,0,,0,0,13.7,10.8,30,1017,2.4,10,0,0,0,,Clear,clear-night,UUOB
kharkiv,2024-06-29T02:00:00,17,17,14,82.5,0,0,,0,0,14,10.8,50,1017,7.3,10,0,0,0,,Clear,clear-night,UUOB
kharkiv,2024-06-29T03:00:00,17.5,17.5,14,79.99,0,0,,0,0,13.7,0.1,60,1017.2,1.7,10,0,0,0,,Clear,clear-night,"UUOB,34300099999"
kharkiv,2024-06-29T04:00:00,17,17,14,82.5,0,0,,0,0,13.7,3.6,40,1018,0,10,0,0,0,,Clear,clear-night,UUOB
kharkiv,2024-06-29T05:00:00,16,16,14,87.92,0,0,,0,0,13.3,7.2,30,1018,0,10,4.1,0,0,,Clear,clear-day,UUOB
kharkiv,2024-06-29T06:00:00,16.7,16.7,13.9,83.62,0,0,,0,0,14.8,0,0,1018,0,10,69.7,0.3,1,,Clear,clear-day,"UUOB,34300099999"
kharkiv,2024-06-29T07:00:00,19,19,15,77.61,0,0,,0,0,16.9,0,0,1018,0,9,197.8,0.7,2,,Clear,clear-day,UUOB
kharkiv,2024-06-29T08:00:00,22,22,16,68.76,0,0,,0,0,18.4,0,0,1018,0,9,353.9,1.3,4,,Clear,clear-day,UUOB
kharkiv,2024-06-29T09:00:00,23.6,23.6,13.9,54.34,0,0,,0,0,20.5,7.2,91,1017.8,0,10,512.4,1.8,5,,Clear,clear-day,"UUOB,34300099999"
kharkiv,2024-06-29T10:00:00,23,23,14,56.89,0,0,,0,0,23.8,7.2,60,1018,0,10,649.2,2.3,6,,Clear,clear-day,UUOB
kharkiv,2024-06-29T11:00:00,25,25,15,53.82,0,0,,0,0,23.8,3.6,40,1018,0,10,761.6,2.7,8,,Clear,clear-day,UUOB
kharkiv,2024-06-29T12:00:00,26.3,26.3,11.1,38.52,0,0,,0,0,23.8,7.2,100,1017.6,0,10,835.5,3,8,,Clear,clear-day,"UUOB,34300099999"
kharkiv,2024-06-29T13:00:00,26,26,11,39.04,0,0,,0,0,23.8,7.2,300,1018,0,10,865,3.1,9,,Clear,clear-day,UUOB
kharkiv,2024-06-29T14:00:00,27,26.7,11,36.81,0,0,,0,0,22.3,3.6,120,1018,0,10,848.2,3.1,8,,Clear,clear-day,UUOB
kharkiv,2024-06-29T15:00:00,29,28,10.7,31.97,0,0,,0,0,20.5,7.2,31,1016.8,0,10,785.5,2.8,8,,Clear,clear-day,"UUOB,34300099999"
kharkiv,2024-06-29T16:00:00,28,27.3,11,34.71,0,0,,0,0,18,7.2,20,1017,0,10,684.9,2.5,7,,Clear,clear-day,UUOB
kharkiv,2024-06-29T17:00:00,28,27.6,13,39.6,0,0,,0,0,15.5,7.2,300,1017,0,10,549.1,2,5,,Clear,clear-day,UUOB
kharkiv,2024-06-29T18:00:00,29.3,28.3,11.1,32.37,0,0,,0,0,13.7,7.3,48,1015.9,40,10,394.2,1.4,4,,Partially cloudy,partly-cloudy-day,"UUOB,34300099999"
kharkiv,2024-06-29T19:00:00,27,26.9,13,41.99,0,0,,0,0,11.9,7.2,290,1016,0,10,219,0.8,2,,Clear,clear-day,UUOB
kharkiv,2024-06-29T20:00:00,26,26,13,44.54,0,0,,0,0,7.2,7.2,270,1016,0,10,95.4,0.3,1,,Clear,clear-day,UUOB
kharkiv,2024-06-29T21:00:00,24.7,24.7,11.9,44.86,0,0,,0,0,7.2,0.1,310,1016.3,0,10,13.6,0,0,,Clear,clear-night,"UUOB,34300099999"
kharkiv,2024-06-29T22:00:00,24,24,14,53.56,0,0,,0,0,7.2,7.2,280,1017,0,10,0,0,0,,Clear,clear-night,UUOB
kharkiv,2024-06-29T23:00:00,23,23,13,53.31,0,0,,0,0,7.6,7.2,290,1017,0,10,0,0,0,,Clear,clear-night,UUOB
kharkiv,2024-06-30T00:00:00,20.7,20.7,14.3,67,0,0,,0,0,7.2,0.1,300,1016.8,0,10,0,0,0,,Clear,clear-night,"UUOB,34300099999"
kharkiv,2024-06-30T01:00:00,22,22,14,60.46,0,0,,0,0,7.9,7.2,310,1017,0,10,0,0,0,,Clear,clear-night,UUOB
kharkiv,2024-06-30T02:00:00,21,21,14,64.28,0,0,,0,0,9,7.2,290,1017,0,10,0,0,0,,Clear,clear-night,UUOB
kharkiv,2024-06-30T03:00:00,17.9,17.9,14.3,79.86,0,0,,0,0,9.4,0.1,300,1017.2,0.4,10,0,0,0,,Clear,clear-night,"UUOB,34300099999"
kharkiv,2024-06-30T04:00:00,21,21,14,64.28,0,0,,0,0,10.4,3.6,310,1017,1,10,0,0,0,,Clear,clear-night,UUOB
kharkiv,2024-06-30T05:00:00,18,18,14,77.46,0,0,,0,0,10.8,7.2,340,1017,3,10,4,0,0,,Clear,clear-day,UUOB
kharkiv,2024-06-30T06:00:00,17.4,17.4,14.2,81.34,0,0,,0,0,10.4,0.1,320,1017.6,0,10,69.4,0.2,1,,Clear,clear-day,"UUOB,34300099999"
kharkiv,2024-06-30T07:00:00,24,24,16,60.92,0,0,,0,0,13,3.6,350,1017,1,10,196.3,0.7,2,,Clear,clear-day,UUOB
kharkiv,2024-06-30T08:00:00,25,25,16,57.38,0,0,,0,0,13.3,7.2,340,1017,0,10,349,1.3,3,,Clear,clear-day,UUOB
kharkiv,2024-06-30T09:00:00,26,26,13.2,45.01,0,0,,0,0,15.8,7.2,300,1017.4,0,10,504.4,1.8,5,,Clear,clear-day,"UUOB,34300099999"
kharkiv,2024-06-30T10:00:00,27,27.2,15,47.81,0,0,,0,0,16.6,7.2,270,1018,0,10,646.4,2.3,6,,Clear,clear-day,UUOB
kharkiv,2024-06-30T11:00:00,28,28.2,16,48.08,0,0,,0,0,16.9,7.2,360,1017,0,10,758.9,2.7,8,,Clear,clear-day,UUOB
kharkiv,2024-06-30T12:00:00,29.8,28.8,11.9,33.22,0,0,,0,0,16.9,7.2,231,1016.4,40,10,834,3,8,,Partially cloudy,partly-cloudy-day,"UUOB,34300099999"
kharkiv,2024-06-30T13:00:00,29,28.8,15,42.54,0,0,,0,0,16.2,10.8,310,1017,0,10,871.3,3.1,9,,Clear,clear-day,UUOB
kharkiv,2024-06-30T14:00:00,30,29.4,14,37.65,0,0,,0,0,16.6,7.2,330,1016,0.6,10,848.8,3.1,8,,Clear,clear-day,UUOB
kharkiv,2024-06-30T15:00:00,30.4,29.2,11.4,31.14,0,0,,0,0,16.9,10.8,280,1015.3,50,10,792.4,2.9,8,,Partially cloudy,partly-cloudy-day,"UUOB,34300099999"
kharkiv,2024-06-30T16:00:00,30,29.6,15,40.16,0,0,,0,0,17.3,7.2,290,1015,2.1,10,672.7,2.4,7,,Clear,clear-day,UUOB
kharkiv,2024-06-30T17:00:00,29,28.8,15,42.54,0,0,,0,0,18,3.6,290,1015,14.7,10,512.6,1.8,5,,Clear,clear-day,UUOB
kharkiv,2024-06-30T18:00:00,32.1,30.6,10.9,27.36,0,0,,0,0,17.6,7.2,260,1014.2,30,10,348.1,1.3,3,,Partially cloudy,partly-cloudy-day,"UUOB,34300099999"
kharkiv,2024-06-30T19:00:00,28,28.2,16,48.08,0,0,,0,0,16.2,7.2,290,1015,21.3,10,211,0.8,2,,Partially cloudy,partly-cloudy-day,UUOB
kharkiv,2024-06-30T20:00:00,27,27.6,17,54.32,0,0,,0,0,11.2,7.2,310,1015,23.8,10,91.2,0.3,1,,Partially cloudy,partly-cloudy-day,UUOB
kharkiv,2024-06-30T21:00:00,26.8,26.9,13.2,43.05,0,0,,0,0,10.8,0.1,360,1014.8,31,10,12,0,0,,Partially cloudy,partly-cloudy-night,"UUOB,34300099999"
kharkiv,2024-06-30T22:00:00,25,25,15,53.82,0,0,,0,0,9.4,3.6,340,1015,88,10,0,0,0,,Partially cloudy,partly-cloudy-night,UUOB
kharkiv,2024-06-30T23:00:00,25,25,16,57.38,0,0,,0,0,8.3,3.6,320,1015,10,10,0,0,0,,Clear,clear-night,UUOB
